Country Name,Country Code,Series Name,Series Code,2002 [YR2002],2003 [YR2003],2004 [YR2004],2005 [YR2005],2006 [YR2006],2007 [YR2007],2008 [YR2008],2009 [YR2009],2010 [YR2010],2011 [YR2011],2012 [YR2012],2013 [YR2013],2014 [YR2014],2015 [YR2015],2016 [YR2016],2017 [YR2017],2018 [YR2018],2019 [YR2019],2020 [YR2020],2021 [YR2021]
World,WLD,Access to electricity (% of population),EG.ELC.ACCS.ZS,79.3365770602524,79.9347835849708,80.1517511431233,80.6479871971714,81.3562841000614,81.8475771450256,82.4761636871908,82.8490466924778,83.222540790747,82.1665834699821,84.7407101855509,85.2404163421731,85.6483211848158,86.6195198542236,87.696898830206,88.5940517284921,89.5665317255007,90.0117847056585,90.5215692111686,..
World,WLD,Current health expenditure per capita (current US$),SH.XPD.CHEX.PC.CD,522.679444107966,586.988389660326,646.491410117613,685.832306595507,728.196618884777,797.737294043765,864.018630243776,874.496644643778,911.889143989005,986.353697565539,995.701741082081,1011.82653214337,1034.94912139023,993.983399617934,1015.91025378512,1056.64810028475,1103.47677527213,1121.96979700548,..,..
World,WLD,Current health expenditure (% of GDP),SH.XPD.CHEX.GD.ZS,9.36870140153147,9.51715242234888,9.41920208399539,9.33865222025159,9.25806549566749,9.10154357966728,9.09798503428847,9.82750080014356,9.49527666549955,9.37971775047152,9.38961392955615,9.3671637473821,9.44824183556412,9.73771715274047,9.86269291203331,9.766082797579,9.70484735420091,9.83078481109117,..,..
World,WLD,"Fertility rate, total (births per woman)",SP.DYN.TFRT.IN,2.64359612888997,2.62496905781507,2.6087473204182,2.58816292786263,2.57726313569244,2.56708665613408,2.55498621910724,2.53429165672021,2.5163852405639,2.49863756430494,2.48892369255613,2.47231363665771,2.46480912533581,2.45543225373231,2.44484850440094,2.42729476506769,2.41492177494957,2.40172011639036,2.38712292764477,..
World,WLD,Coverage of social insurance programs (% of population),per_si_allsi.cov_pop_tot,..,..,..,..,..,..,..,..,..,..,..,..,..,..,..,..,..,..,..,..
Andorra,AND,Access to electricity (% of population),EG.ELC.ACCS.ZS,100,100,100,100,100,100,100,100,100,100,100,100,100,100,100,100,100,100,100,..
Andorra,AND,Current health expenditure per capita (current US$),SH.XPD.CHEX.PC.CD,1528.75061035,1820.04187012,2043.30224609,2299.70361328,2161.20532227,2403.59912109,2818.8046875,2714.24975586,2685.47973633,2634.03271484,2370.05712891,2432.78271484,2529.08984375,2246.25439453,2361.2175293,2567.42382813,2821.80126953,2744.19433594,..,..
Andorra,AND,Current health expenditure (% of GDP),SH.XPD.CHEX.GD.ZS,6.09839916,5.63991785,5.38125277,5.73988628,5.06450415,5.0283227,5.78568554,6.23957682,6.58006001,6.08633614,6.12628031,6.15502787,6.13150549,6.28353453,6.30526257,6.58945513,6.75162506,6.71158504,..,..
Andorra,AND,"Fertility rate, total (births per woman)",SP.DYN.TFRT.IN,..,..,..,..,1.24,1.18,1.25,1.19,1.27,..,..,..,..,..,..,..,..,..,..,..
Andorra,AND,Coverage of social insurance programs (% of population),per_si_allsi.cov_pop_tot,..,..,..,..,..,..,..,..,..,..,..,..,..,..,..,..,..,..,..,..
Antigua and Barbuda,ATG,Access to electricity (% of population),EG.ELC.ACCS.ZS,100,97.9568252563477,98.0371017456055,92.1999969482422,100,100,100,98.4812774658203,98.5972366333008,94.5520172119141,100,100,100,100,100,100,100,100,100,..
Antigua and Barbuda,ATG,Current health expenditure per capita (current US$),SH.XPD.CHEX.PC.CD,550.0645752,602.69360352,585.72125244,626.7166748,648.22711182,694.53643799,673.83752441,591.42523193,701.81781006,693.80725098,727.25695801,711.22979736,792.8414917,754.24188232,778.45111084,750.01922607,808.69927979,760.26495361,..,..
Antigua and Barbuda,ATG,Current health expenditure (% of GDP),SH.XPD.CHEX.GD.ZS,5.28793621,5.58626556,5.11667967,4.9945569,4.63347101,4.44986248,4.2048173,4.19123125,5.37907028,5.44257212,5.47921419,5.50909281,5.87269974,5.27965546,5.12190151,4.87493944,4.85093021,4.44295979,..,..
Antigua and Barbuda,ATG,"Fertility rate, total (births per woman)",SP.DYN.TFRT.IN,2.166,2.14,2.109,2.077,2.048,2.023,2.005,1.993,1.988,1.989,1.993,1.998,2.001,2.003,2.003,1.999,1.994,1.987,1.978,..
Antigua and Barbuda,ATG,Coverage of social insurance programs (% of population),per_si_allsi.cov_pop_tot,..,..,..,..,..,..,..,..,..,..,..,..,..,..,..,..,..,..,..,..
Aruba,ABW,Access to electricity (% of population),EG.ELC.ACCS.ZS,100,100,100,100,100,100,100,100,93.3562927246094,100,100,100,100,100,100,100,100,100,100,..
Aruba,ABW,Current health expenditure per capita (current US$),SH.XPD.CHEX.PC.CD,..,..,..,..,..,..,..,..,..,..,..,..,..,..,..,..,..,..,..,..
Aruba,ABW,Current health expenditure (% of GDP),SH.XPD.CHEX.GD.ZS,..,..,..,..,..,..,..,..,..,..,..,..,..,..,..,..,..,..,..,..
Aruba,ABW,"Fertility rate, total (births per woman)",SP.DYN.TFRT.IN,1.823,1.803,1.787,1.774,1.765,1.76,1.759,1.761,1.768,1.779,1.795,1.813,1.834,1.854,1.872,1.886,1.896,1.901,1.901,..
Aruba,ABW,Coverage of social insurance programs (% of population),per_si_allsi.cov_pop_tot,..,..,..,..,..,..,..,..,..,..,..,..,..,..,..,..,..,..,..,..
Australia,AUS,Access to electricity (% of population),EG.ELC.ACCS.ZS,100,100,100,100,100,100,100,100,100,100,100,100,100,100,100,100,100,100,100,..
Australia,AUS,Current health expenditure per capita (current US$),SH.XPD.CHEX.PC.CD,1770.46618652,2249.29077148,2767.13696289,3013.08764648,3184.80761719,3799.73754883,4090.76196289,3995.34008789,4945.03808594,5861.70263672,6025.34472656,5813.98535156,5607.91796875,4862.6015625,4993.68945313,5340.36474609,5364.54296875,5427.46240234,..,..
Australia,AUS,Current health expenditure (% of GDP),SH.XPD.CHEX.GD.ZS,7.89332151,7.90449524,8.10948753,7.99008226,7.98943853,8.06755352,8.25585651,8.56316471,8.4308424,8.54153824,8.67564774,8.76116371,9.03597069,9.32758904,9.24815178,9.26682281,9.1550045,9.91078568,..,..
Australia,AUS,"Fertility rate, total (births per woman)",SP.DYN.TFRT.IN,1.756,1.748,1.768,1.807,1.908,1.959,1.984,1.971,1.928,1.926,1.92,1.855,1.826,1.814,1.752,1.741,1.74,1.657,1.581,..
Australia,AUS,Coverage of social insurance programs (% of population),per_si_allsi.cov_pop_tot,..,..,..,..,..,..,..,..,..,..,..,..,..,..,..,..,..,..,..,..
Austria,AUT,Access to electricity (% of population),EG.ELC.ACCS.ZS,100,100,100,100,100,100,100,100,100,100,100,100,100,100,100,100,100,100,100,..
Austria,AUT,Current health expenditure per capita (current US$),SH.XPD.CHEX.PC.CD,2497.8659668,3091.24023438,3594.65039063,3710.39794922,3882.98193359,4478.76855469,5057.76074219,4928.98779297,4800.79345703,5167.81787109,4966.09570313,5235.34130859,5393.60205078,4612.82421875,4709.87597656,4938.91992188,5322.26269531,5242.18310547,..,..
Austria,AUT,Current health expenditure (% of GDP),SH.XPD.CHEX.GD.ZS,9.3947649,9.5472393,9.70939827,9.62702942,9.5311327,9.53209686,9.72564602,10.22582531,10.22101879,10.02613258,10.19915581,10.28574944,10.36809254,10.36746693,10.3522625,10.38460541,10.31750679,10.43403149,..,..
Austria,AUT,"Fertility rate, total (births per woman)",SP.DYN.TFRT.IN,1.39,1.38,1.42,1.41,1.41,1.38,1.42,1.39,1.44,1.43,1.44,1.44,1.46,1.49,1.53,1.52,1.47,1.46,1.44,..
Austria,AUT,Coverage of social insurance programs (% of population),per_si_allsi.cov_pop_tot,..,..,..,..,..,..,..,..,..,..,..,..,..,..,..,..,..,..,..,..
"Bahamas, The",BHS,Access to electricity (% of population),EG.ELC.ACCS.ZS,100,100,100,100,100,100,100,100,100,100,100,100,100,100,100,100,100,100,100,..
"Bahamas, The",BHS,Current health expenditure per capita (current US$),SH.XPD.CHEX.PC.CD,1100.53259277,1138.74060059,1148.94238281,1220.78820801,1323.53088379,1415.03674316,1489.42724609,1470.68774414,1495.23132324,1491.04162598,1568.28796387,1609.31799316,1670.24035645,1635.88293457,1774.02172852,2162.42358398,2002.41296387,2004.61633301,..,..
"Bahamas, The",BHS,Current health expenditure (% of GDP),SH.XPD.CHEX.GD.ZS,3.81251955,4.01998568,4.04628181,4.03196478,4.30935764,4.4963069,4.8630805,5.15085459,5.25673914,5.32418823,5.31907082,5.5913291,5.57097006,5.2271986,5.62038803,6.6088872,5.92999935,5.74977493,..,..
"Bahamas, The",BHS,"Fertility rate, total (births per woman)",SP.DYN.TFRT.IN,1.931,1.889,1.867,1.863,1.869,1.877,1.881,1.877,1.865,1.847,1.828,1.81,1.794,1.782,1.771,1.762,1.752,1.743,1.733,..
"Bahamas, The",BHS,Coverage of social insurance programs (% of population),per_si_allsi.cov_pop_tot,..,..,..,..,..,..,..,..,..,..,..,..,..,..,..,..,..,..,..,..
Bahrain,BHR,Access to electricity (% of population),EG.ELC.ACCS.ZS,100,100,100,100,100,100,100,100,100,100,100,100,100,100,100,100,100,100,100,..
Bahrain,BHR,Current health expenditure per capita (current US$),SH.XPD.CHEX.PC.CD,503.03005981,567.23797607,550.35980225,570.29425049,591.3112793,692.96832275,757.73614502,785.26031494,796.31842041,805.3147583,971.36846924,1066.13244629,1101.25683594,1128.75915527,1098.88354492,1126.06689453,994.17901611,940.39569092,..,..
Bahrain,BHR,Current health expenditure (% of GDP),SH.XPD.CHEX.GD.ZS,3.85486555,3.98856878,3.47338176,3.17561626,3.06248927,3.30373311,3.28510404,4.05684614,3.84291482,3.57691312,4.10642147,4.30853891,4.40681839,4.9869976,4.86063528,4.74279165,4.14378214,4.01147509,..,..
Bahrain,BHR,"Fertility rate, total (births per woman)",SP.DYN.TFRT.IN,2.663,2.59,2.514,2.436,2.363,2.297,2.241,2.197,2.164,2.139,2.118,2.098,2.078,2.056,2.033,2.01,1.987,1.964,1.942,..
Bahrain,BHR,Coverage of social insurance programs (% of population),per_si_allsi.cov_pop_tot,..,..,..,..,..,..,..,..,..,..,..,..,..,..,..,..,..,..,..,..
Barbados,BRB,Access to electricity (% of population),EG.ELC.ACCS.ZS,100,100,99.9967422485352,99.9804534912109,100,100,100,100,100,100,100,100,100,100,100,100,100,100,100,..
Barbados,BRB,Current health expenditure per capita (current US$),SH.XPD.CHEX.PC.CD,665.92028809,781.96508789,915.30462646,935.64044189,1000.6171875,1015.60668945,1107.04602051,1135.60986328,1087.65649414,1135.5177002,1263.91870117,1233.11486816,1153.88415527,1119.54821777,1129.19335938,1151.69372559,1164.54455566,1143.32202148,..,..
Barbados,BRB,Current health expenditure (% of GDP),SH.XPD.CHEX.GD.ZS,5.86123419,6.68377304,7.31510305,6.76892185,6.58324289,6.05583191,6.47676373,7.1486845,6.77398682,6.89933872,7.77819967,7.49560881,6.99789667,6.7748456,6.68155098,6.62216997,6.56259155,6.29990387,..,..
Barbados,BRB,"Fertility rate, total (births per woman)",SP.DYN.TFRT.IN,1.793,1.797,1.795,1.788,1.775,1.757,1.735,1.711,1.687,1.665,1.645,1.63,1.62,1.614,1.613,1.615,1.619,1.623,1.628,..
Barbados,BRB,Coverage of social insurance programs (% of population),per_si_allsi.cov_pop_tot,..,..,..,..,..,..,..,..,..,..,..,..,..,..,..,..,..,..,..,..
Belgium,BEL,Access to electricity (% of population),EG.ELC.ACCS.ZS,100,100,100,100,100,100,100,100,100,100,100,100,100,100,100,100,100,100,100,..
Belgium,BEL,Current health expenditure per capita (current US$),SH.XPD.CHEX.PC.CD,2084.7199707,2828.33349609,3326.63720703,3419.69311523,3558.12133789,4078.14697266,4670.42285156,4653.43652344,4544.77978516,4943.796875,4706.47021484,4947.76953125,5072.95068359,4291.48974609,4534.22998047,4775.8125,5134.41455078,4960.39355469,..,..
Belgium,BEL,Current health expenditure (% of GDP),SH.XPD.CHEX.GD.ZS,8.3182106,9.20823288,9.36721516,9.26114464,9.16102505,9.16611385,9.63002014,10.35455036,10.23324585,10.39208412,10.50650597,10.56133938,10.59411144,10.43065357,10.77319717,10.78312588,10.76469994,10.65604973,..,..
Belgium,BEL,"Fertility rate, total (births per woman)",SP.DYN.TFRT.IN,1.65,1.67,1.72,1.76,1.8,1.82,1.85,1.84,1.86,1.81,1.8,1.76,1.74,1.7,1.68,1.65,1.62,1.6,1.55,..
Belgium,BEL,Coverage of social insurance programs (% of population),per_si_allsi.cov_pop_tot,..,..,..,..,..,..,..,..,..,..,..,..,..,..,..,..,..,..,..,..
Bermuda,BMU,Access to electricity (% of population),EG.ELC.ACCS.ZS,100,100,100,100,100,100,100,100,100,100,100,100,100,100,100,100,100,100,100,..
Bermuda,BMU,Current health expenditure per capita (current US$),SH.XPD.CHEX.PC.CD,..,..,..,..,..,..,..,..,..,..,..,..,..,..,..,..,..,..,..,..
Bermuda,BMU,Current health expenditure (% of GDP),SH.XPD.CHEX.GD.ZS,..,..,..,..,..,..,..,..,..,..,..,..,..,..,..,..,..,..,..,..
Bermuda,BMU,"Fertility rate, total (births per woman)",SP.DYN.TFRT.IN,1.77,1.8,1.78,1.76,1.76,1.76,1.77,1.76,1.7,1.6,1.6,1.6,1.4,1.4,1.4,1.4,1.3,1.3,1.3,..
Bermuda,BMU,Coverage of social insurance programs (% of population),per_si_allsi.cov_pop_tot,..,..,..,..,..,..,..,..,..,..,..,..,..,..,..,..,..,..,..,..
British Virgin Islands,VGB,Access to electricity (% of population),EG.ELC.ACCS.ZS,97.6253662109375,97.7226715087891,97.8170928955078,97.9109802246094,98.0067291259766,98.1070098876953,98.2145156860352,98.3319702148438,98.3000030517578,98.6572952270508,98.8501663208008,99.021110534668,99.1800231933594,100,100,100,100,100,100,..
British Virgin Islands,VGB,Current health expenditure per capita (current US$),SH.XPD.CHEX.PC.CD,..,..,..,..,..,..,..,..,..,..,..,..,..,..,..,..,..,..,..,..
British Virgin Islands,VGB,Current health expenditure (% of GDP),SH.XPD.CHEX.GD.ZS,..,..,..,..,..,..,..,..,..,..,..,..,..,..,..,..,..,..,..,..
British Virgin Islands,VGB,"Fertility rate, total (births per woman)",SP.DYN.TFRT.IN,..,..,..,..,..,..,..,..,..,..,..,..,..,..,..,..,..,..,..,..
British Virgin Islands,VGB,Coverage of social insurance programs (% of population),per_si_allsi.cov_pop_tot,..,..,..,..,..,..,..,..,..,..,..,..,..,..,..,..,..,..,..,..
Brunei Darussalam,BRN,Access to electricity (% of population),EG.ELC.ACCS.ZS,100,100,100,100,100,100,100,100,100,100,100,100,100,100,100,100,100,100,100,..
Brunei Darussalam,BRN,Current health expenditure per capita (current US$),SH.XPD.CHEX.PC.CD,473.22723389,535.27740479,619.2869873,646.16021729,654.69018555,702.66918945,788.61535645,741.29534912,803.52685547,877.15759277,883.67559814,849.33062744,798.79370117,743.92004395,692.03570557,648.66882324,763.14569092,671.56268311,..,..
Brunei Darussalam,BRN,Current health expenditure (% of GDP),SH.XPD.CHEX.GD.ZS,2.53798175,2.60610533,2.5552268,2.23678851,1.91712439,1.96159506,1.87878013,2.38892317,2.27826118,1.86409724,1.85097218,1.898314,1.91436803,2.38708901,2.54828691,2.27036428,2.41289377,2.16031361,..,..
Brunei Darussalam,BRN,"Fertility rate, total (births per woman)",SP.DYN.TFRT.IN,2.22,2.154,2.086,2.022,1.969,1.933,1.918,1.921,1.937,1.957,1.973,1.978,1.969,1.947,1.915,1.881,1.848,1.819,1.796,..
Brunei Darussalam,BRN,Coverage of social insurance programs (% of population),per_si_allsi.cov_pop_tot,..,..,..,..,..,..,..,..,..,..,..,..,..,..,..,..,..,..,..,..
Canada,CAN,Access to electricity (% of population),EG.ELC.ACCS.ZS,100,100,100,100,100,100,100,100,100,100,100,100,100,100,100,100,100,100,100,..
Canada,CAN,Current health expenditure per capita (current US$),SH.XPD.CHEX.PC.CD,2159.31591797,2562.91455078,2925.06713867,3296.50146484,3788.09008789,4212.99072266,4474.97460938,4371.55273438,5065.91503906,5400.11376953,5500.68408203,5443.625,5189.01464844,4637.21142578,4629.375,4865.07080078,5018.71142578,5048.37255859,..,..
Canada,CAN,Current health expenditure (% of GDP),SH.XPD.CHEX.GD.ZS,8.85670376,9.01090145,9.06628132,9.03540611,9.34210205,9.44500446,9.60709858,10.71716499,10.69585419,10.40052414,10.50637913,10.40513706,10.24852657,10.73320484,11.02296066,10.83538342,10.80637455,10.84447765,..,..
Canada,CAN,"Fertility rate, total (births per woman)",SP.DYN.TFRT.IN,1.51,1.54,1.55,1.57,1.61,1.66,1.69,1.68,1.64,1.62,1.62,1.6,1.61,1.6,1.59,1.54,1.5,1.47,1.4,..
Canada,CAN,Coverage of social insurance programs (% of population),per_si_allsi.cov_pop_tot,..,..,..,..,..,..,..,..,..,..,..,..,..,..,..,..,..,..,..,..
Cayman Islands,CYM,Access to electricity (% of population),EG.ELC.ACCS.ZS,100,100,100,100,100,100,100,100,100,100,100,100,100,100,100,100,100,100,100,..
Cayman Islands,CYM,Current health expenditure per capita (current US$),SH.XPD.CHEX.PC.CD,..,..,..,..,..,..,..,..,..,..,..,..,..,..,..,..,..,..,..,..
Cayman Islands,CYM,Current health expenditure (% of GDP),SH.XPD.CHEX.GD.ZS,..,..,..,..,..,..,..,..,..,..,..,..,..,..,..,..,..,..,..,..
Cayman Islands,CYM,"Fertility rate, total (births per woman)",SP.DYN.TFRT.IN,..,..,..,..,..,..,..,..,..,..,..,..,..,..,..,..,..,..,..,..
Cayman Islands,CYM,Coverage of social insurance programs (% of population),per_si_allsi.cov_pop_tot,..,..,..,..,..,..,..,..,..,..,..,..,..,..,..,..,..,..,..,..
Channel Islands,CHI,Access to electricity (% of population),EG.ELC.ACCS.ZS,100,100,100,100,100,100,100,100,100,100,100,100,100,100,100,100,100,100,100,..
Channel Islands,CHI,Current health expenditure per capita (current US$),SH.XPD.CHEX.PC.CD,..,..,..,..,..,..,..,..,..,..,..,..,..,..,..,..,..,..,..,..
Channel Islands,CHI,Current health expenditure (% of GDP),SH.XPD.CHEX.GD.ZS,..,..,..,..,..,..,..,..,..,..,..,..,..,..,..,..,..,..,..,..
Channel Islands,CHI,"Fertility rate, total (births per woman)",SP.DYN.TFRT.IN,1.496,1.492,1.496,1.509,1.527,1.547,1.564,1.578,1.585,1.586,1.58,1.569,1.556,1.541,1.527,1.516,1.51,1.509,1.512,..
Channel Islands,CHI,Coverage of social insurance programs (% of population),per_si_allsi.cov_pop_tot,..,..,..,..,..,..,..,..,..,..,..,..,..,..,..,..,..,..,..,..
Chile,CHL,Access to electricity (% of population),EG.ELC.ACCS.ZS,97.2836837768555,98.7823257446289,97.606086730957,97.7653121948242,99.3681106567383,98.0920181274414,98.2648696899414,99.5936584472656,99.5383911132813,99.5881958007813,100,99.5999984741211,100,99.71484375,100,99.6999969482422,100,100,100,..
Chile,CHL,Current health expenditure per capita (current US$),SH.XPD.CHEX.PC.CD,323.06716919,349.98782349,427.51669312,500.64517212,571.20141602,648.55981445,724.70123291,735.97894287,867.73077393,991.20288086,1077.82019043,1179.47265625,1145.40856934,1127.02160645,1171.62304688,1360.17358398,1455.11669922,1375.80297852,..,..
Chile,CHL,Current health expenditure (% of GDP),SH.XPD.CHEX.GD.ZS,7.26602364,7.33330393,6.90115023,6.58871555,6.03516722,6.17537546,6.74047899,7.20918465,6.77489328,6.7717886,7.0209198,7.44478321,7.80729866,8.30269146,8.51866722,9.06854153,9.15850449,9.33272362,..,..
Chile,CHL,"Fertility rate, total (births per woman)",SP.DYN.TFRT.IN,1.972,1.943,1.923,1.909,1.901,1.898,1.895,1.892,1.884,1.87,1.849,1.821,1.787,1.75,1.713,1.678,1.649,1.627,1.611,..
Chile,CHL,Coverage of social insurance programs (% of population),per_si_allsi.cov_pop_tot,..,..,..,..,31.8797553893109,..,..,41.2561616145696,..,23.6404420351347,..,44.394747665859,..,44.9127020912868,..,45.67106426,..,..,..,..
Croatia,HRV,Access to electricity (% of population),EG.ELC.ACCS.ZS,100,100,100,100,100,100,100,100,100,100,100,100,100,100,100,100,100,100,100,..
Croatia,HRV,Current health expenditure per capita (current US$),SH.XPD.CHEX.PC.CD,386.4440918,512.15209961,634.62030029,727.13104248,816.01702881,1041.03442383,1258.87243652,1187.54528809,1126.37365723,1132.49890137,1029.97119141,889.94451904,909.37164307,795.52081299,840.9050293,902.62524414,1014.22235107,1040.08569336,..,..
Croatia,HRV,Current health expenditure (% of GDP),SH.XPD.CHEX.GD.ZS,6.20509815,6.35763264,6.57048893,6.90785742,6.97907209,7.47507524,7.72871161,8.17583179,8.0887022,7.76850891,7.78380489,6.51796293,6.70013046,6.78702879,6.82921791,6.75844765,6.78430557,6.97861767,..,..
Croatia,HRV,"Fertility rate, total (births per woman)",SP.DYN.TFRT.IN,1.42,1.41,1.43,1.5,1.47,1.48,1.47,1.5,1.46,1.41,1.52,1.46,1.46,1.41,1.43,1.42,1.47,1.47,1.48,..
Croatia,HRV,Coverage of social insurance programs (% of population),per_si_allsi.cov_pop_tot,..,..,..,..,..,..,54.7431290026623,..,57.5129301257952,56.34706675,..,..,52.55621737,..,..,..,..,..,..,..
Curacao,CUW,Access to electricity (% of population),EG.ELC.ACCS.ZS,100,100,100,100,100,99.9974060058594,99.9841156005859,99.9549026489258,100,100,100,100,100,100,100,100,100,100,100,..
Curacao,CUW,Current health expenditure per capita (current US$),SH.XPD.CHEX.PC.CD,..,..,..,..,..,..,..,..,..,..,..,..,..,..,..,..,..,..,..,..
Curacao,CUW,Current health expenditure (% of GDP),SH.XPD.CHEX.GD.ZS,..,..,..,..,..,..,..,..,..,..,..,..,..,..,..,..,..,..,..,..
Curacao,CUW,"Fertility rate, total (births per woman)",SP.DYN.TFRT.IN,..,..,..,..,2.1,2,2.2,2.1,2.2,2.1,2.2,2.1,2,1.9,1.7,1.5,1.7,1.6,1.6,..
Curacao,CUW,Coverage of social insurance programs (% of population),per_si_allsi.cov_pop_tot,..,..,..,..,..,..,..,..,..,..,..,..,..,..,..,..,..,..,..,..
Cyprus,CYP,Access to electricity (% of population),EG.ELC.ACCS.ZS,100,100,100,100,100,100,100,100,100,100,100,100,100,100,100,100,100,100,100,..
Cyprus,CYP,Current health expenditure per capita (current US$),SH.XPD.CHEX.PC.CD,890.48297119,1145.05847168,1286.97155762,1366.01708984,1474.02062988,1694.27185059,2155.24658203,2105.4777832,2045.2923584,2114.66894531,1899.37255859,1916.32263184,1873.89135742,1581.41357422,1634.93554688,1750.50732422,1981.77844238,1996.45825195,..,..
Cyprus,CYP,Current health expenditure (% of GDP),SH.XPD.CHEX.GD.ZS,5.61565971,5.63568783,5.40558147,5.43580961,5.46357489,5.35744858,6.01427698,6.46531582,6.51767111,6.44928503,6.55474567,6.94518471,6.95228958,6.75352287,6.62359428,6.59893894,6.77018547,7.00903225,..,..
Cyprus,CYP,"Fertility rate, total (births per woman)",SP.DYN.TFRT.IN,1.614,1.576,1.545,1.52,1.498,1.479,1.461,1.443,1.424,1.406,1.39,1.376,1.364,1.354,1.345,1.337,1.329,1.321,1.313,..
Cyprus,CYP,Coverage of social insurance programs (% of population),per_si_allsi.cov_pop_tot,..,..,..,..,..,..,..,..,..,..,..,..,..,..,..,..,..,..,..,..
Czech Republic,CZE,Access to electricity (% of population),EG.ELC.ACCS.ZS,100,100,100,100,100,100,100,100,100,100,100,100,100,100,100,100,100,100,100,..
Czech Republic,CZE,Current health expenditure per capita (current US$),SH.XPD.CHEX.PC.CD,497.74203491,640.66040039,746.32891846,852.65246582,942.11804199,1110.17663574,1449.33679199,1442.24279785,1373.9317627,1516.55541992,1387.40600586,1554.5090332,1512.92614746,1284.04675293,1321.62023926,1475.9152832,1765.58862305,1844.21777344,..,..
Czech Republic,CZE,Current health expenditure (% of GDP),SH.XPD.CHEX.GD.ZS,6.17736149,6.52412462,6.35071039,6.34086704,6.16380167,5.98578358,6.33024883,7.248806,6.87530422,6.92782688,6.97858715,7.7224946,7.59677219,7.19641542,7.10655022,7.14152622,7.52479792,7.83470726,..,..
Czech Republic,CZE,"Fertility rate, total (births per woman)",SP.DYN.TFRT.IN,1.17,1.18,1.23,1.29,1.34,1.45,1.51,1.51,1.51,1.43,1.45,1.46,1.53,1.57,1.63,1.69,1.71,1.71,1.71,..
Czech Republic,CZE,Coverage of social insurance programs (% of population),per_si_allsi.cov_pop_tot,..,..,..,..,..,..,..,..,..,..,..,..,..,..,..,..,..,..,..,..
Denmark,DNK,Access to electricity (% of population),EG.ELC.ACCS.ZS,100,100,100,100,100,100,100,100,100,100,100,100,100,100,100,100,100,100,100,..
Denmark,DNK,Current health expenditure per capita (current US$),SH.XPD.CHEX.PC.CD,2895.80737305,3607.04296875,4194.87353516,4442.75537109,4778.89160156,5468.37939453,6137.77636719,6221.68896484,6011.53808594,6281.00439453,6003.83056641,6236.55419922,6380.78466797,5469.33496094,5565.59326172,5800.15283203,6216.76855469,6003.32519531,..,..
Denmark,DNK,Current health expenditure (% of GDP),SH.XPD.CHEX.GD.ZS,8.70251179,8.9036293,9.00743198,9.0905695,9.16879559,9.3251543,9.51134396,10.67432022,10.33315945,10.15291023,10.24135303,10.16958141,10.17190456,10.22716618,10.14456177,10.03963375,10.0707159,9.95583057,..,..
Denmark,DNK,"Fertility rate, total (births per woman)",SP.DYN.TFRT.IN,1.72,1.76,1.78,1.8,1.85,1.84,1.89,1.84,1.87,1.75,1.73,1.67,1.69,1.71,1.79,1.75,1.73,1.7,1.67,..
Denmark,DNK,Coverage of social insurance programs (% of population),per_si_allsi.cov_pop_tot,..,..,..,..,..,..,..,..,..,..,..,..,..,..,..,..,..,..,..,..
Estonia,EST,Access to electricity (% of population),EG.ELC.ACCS.ZS,100,100,100,100,100,100,100,100,100,100,100,100,100,100,100,100,100,100,100,..
Estonia,EST,Current health expenditure per capita (current US$),SH.XPD.CHEX.PC.CD,250.48020935,349.05804443,455.06811523,524.68011475,600.50787354,832.73309326,1038.56225586,963.01965332,926.4541626,1015.96826172,1013.31420898,1144.64685059,1238.92700195,1112.9140625,1186.1027832,1350.38061523,1552.63244629,1598.81884766,..,..
Estonia,EST,Current health expenditure (% of GDP),SH.XPD.CHEX.GD.ZS,4.70043564,4.85959911,5.119555,5.05801439,4.76530361,4.98330879,5.71032381,6.51218891,6.27124023,5.7667613,5.79034519,5.97791481,6.08077621,6.34629202,6.42956781,6.59183788,6.68642807,6.7304492,..,..
Estonia,EST,"Fertility rate, total (births per woman)",SP.DYN.TFRT.IN,1.36,1.37,1.47,1.52,1.58,1.69,1.72,1.7,1.72,1.61,1.56,1.52,1.54,1.58,1.6,1.59,1.67,1.66,1.58,..
Estonia,EST,Coverage of social insurance programs (% of population),per_si_allsi.cov_pop_tot,..,..,..,..,..,..,..,..,..,..,..,..,..,..,..,..,..,..,..,..
Faroe Islands,FRO,Access to electricity (% of population),EG.ELC.ACCS.ZS,100,100,100,100,100,100,100,100,100,100,100,100,100,100,100,100,100,100,100,..
Faroe Islands,FRO,Current health expenditure per capita (current US$),SH.XPD.CHEX.PC.CD,..,..,..,..,..,..,..,..,..,..,..,..,..,..,..,..,..,..,..,..
Faroe Islands,FRO,Current health expenditure (% of GDP),SH.XPD.CHEX.GD.ZS,..,..,..,..,..,..,..,..,..,..,..,..,..,..,..,..,..,..,..,..
Faroe Islands,FRO,"Fertility rate, total (births per woman)",SP.DYN.TFRT.IN,2.6,2.5,2.6,2.6,2.5,2.6,2.6,2.4,2.5,2.3,2.6,2.5,2.6,2.4,2.6,2.5,2.5,2.4,2.3,..
Faroe Islands,FRO,Coverage of social insurance programs (% of population),per_si_allsi.cov_pop_tot,..,..,..,..,..,..,..,..,..,..,..,..,..,..,..,..,..,..,..,..
Finland,FIN,Access to electricity (% of population),EG.ELC.ACCS.ZS,100,100,100,100,100,100,100,100,100,100,100,100,100,100,100,100,100,100,100,..
Finland,FIN,Current health expenditure per capita (current US$),SH.XPD.CHEX.PC.CD,2054.26293945,2606.77587891,3035.97875977,3228.95214844,3407.66552734,3911.96582031,4481.21679688,4347.12158203,4249.60205078,4715.93505859,4572.5234375,4892.09716797,4922.67578125,4127.14990234,4107.06298828,4233.46826172,4515.67724609,4450.30273438,..,..
Finland,FIN,Current health expenditure (% of GDP),SH.XPD.CHEX.GD.ZS,7.62769508,7.93805122,8.05912876,8.28795624,8.2841177,8.08359337,8.34310627,9.16122246,9.14202785,9.22303009,9.5857954,9.80534649,9.78115082,9.64523888,9.37796021,9.12670135,9.03608513,9.15348339,..,..
Finland,FIN,"Fertility rate, total (births per woman)",SP.DYN.TFRT.IN,1.72,1.76,1.8,1.8,1.84,1.83,1.85,1.86,1.87,1.83,1.8,1.75,1.71,1.65,1.57,1.49,1.41,1.35,1.37,..
Finland,FIN,Coverage of social insurance programs (% of population),per_si_allsi.cov_pop_tot,..,..,..,..,..,..,..,..,..,..,..,..,..,..,..,..,..,..,..,..
France,FRA,Access to electricity (% of population),EG.ELC.ACCS.ZS,100,100,100,100,100,100,100,100,100,100,100,100,100,100,100,100,100,100,100,..
France,FRA,Current health expenditure per capita (current US$),SH.XPD.CHEX.PC.CD,2449.75830078,3006.3059082,3458.62744141,3575.02514648,3811.55175781,4312.31054688,4807.37451172,4737.578125,4592.38330078,4931.87792969,4644.59570313,4893.47607422,4982.99121094,4201.55566406,4257.14990234,4402.07958984,4657.75292969,4491.73535156,..,..
France,FRA,Current health expenditure (% of GDP),SH.XPD.CHEX.GD.ZS,10.02218628,10.08283329,10.16429329,10.2148447,10.38566494,10.31564426,10.50084686,11.28756237,11.22560215,11.18497658,11.29740047,11.41635036,11.54441643,11.4475565,11.47163677,11.33276176,11.18583012,11.05747223,..,..
France,FRA,"Fertility rate, total (births per woman)",SP.DYN.TFRT.IN,1.88,1.89,1.92,1.94,2,1.98,2.01,2,2.03,2.01,2.01,1.99,2,1.96,1.92,1.89,1.87,1.86,1.83,..
France,FRA,Coverage of social insurance programs (% of population),per_si_allsi.cov_pop_tot,..,..,..,..,..,..,..,..,..,..,..,..,..,..,..,..,..,..,..,..
French Polynesia,PYF,Access to electricity (% of population),EG.ELC.ACCS.ZS,100,100,100,100,100,100,100,100,100,100,100,100,100,100,100,100,100,100,100,..
French Polynesia,PYF,Current health expenditure per capita (current US$),SH.XPD.CHEX.PC.CD,..,..,..,..,..,..,..,..,..,..,..,..,..,..,..,..,..,..,..,..
French Polynesia,PYF,Current health expenditure (% of GDP),SH.XPD.CHEX.GD.ZS,..,..,..,..,..,..,..,..,..,..,..,..,..,..,..,..,..,..,..,..
French Polynesia,PYF,"Fertility rate, total (births per woman)",SP.DYN.TFRT.IN,2.371,2.331,2.291,2.254,2.217,2.183,2.151,2.121,2.095,2.07,2.048,2.027,2.008,1.99,1.973,1.956,1.941,1.927,1.913,..
French Polynesia,PYF,Coverage of social insurance programs (% of population),per_si_allsi.cov_pop_tot,..,..,..,..,..,..,..,..,..,..,..,..,..,..,..,..,..,..,..,..
Germany,DEU,Access to electricity (% of population),EG.ELC.ACCS.ZS,100,100,100,100,100,100,100,100,100,100,100,100,100,100,100,100,100,100,100,..
Germany,DEU,Current health expenditure per capita (current US$),SH.XPD.CHEX.PC.CD,2567.50292969,3152.79418945,3459.82495117,3558.21337891,3697.92163086,4182.79931641,4669.65332031,4674.78320313,4611.27587891,5037.37011719,4765.58300781,5099.64111328,5307.08203125,4624.55664063,4744.22949219,5055.82128906,5481.98730469,5440.25146484,..,..
Germany,DEU,Current health expenditure (% of GDP),SH.XPD.CHEX.GD.ZS,10.18365669,10.40202236,10.14603138,10.3115406,10.17961693,10.05104923,10.25105095,11.23758507,11.09557819,10.77818966,10.85323715,10.99795437,11.02157784,11.18370342,11.23563671,11.32935143,11.45038891,11.69724941,..,..
Germany,DEU,"Fertility rate, total (births per woman)",SP.DYN.TFRT.IN,1.34,1.34,1.36,1.34,1.33,1.37,1.38,1.36,1.39,1.39,1.41,1.42,1.47,1.5,1.6,1.57,1.57,1.54,1.53,..
Germany,DEU,Coverage of social insurance programs (% of population),per_si_allsi.cov_pop_tot,..,..,..,..,..,..,..,..,..,..,..,..,..,..,..,..,..,..,..,..
Gibraltar,GIB,Access to electricity (% of population),EG.ELC.ACCS.ZS,100,100,100,100,100,100,100,100,100,100,100,100,100,100,100,100,100,100,100,..
Gibraltar,GIB,Current health expenditure per capita (current US$),SH.XPD.CHEX.PC.CD,..,..,..,..,..,..,..,..,..,..,..,..,..,..,..,..,..,..,..,..
Gibraltar,GIB,Current health expenditure (% of GDP),SH.XPD.CHEX.GD.ZS,..,..,..,..,..,..,..,..,..,..,..,..,..,..,..,..,..,..,..,..
Gibraltar,GIB,"Fertility rate, total (births per woman)",SP.DYN.TFRT.IN,..,..,..,..,..,..,..,..,..,..,..,..,..,..,..,..,..,..,..,..
Gibraltar,GIB,Coverage of social insurance programs (% of population),per_si_allsi.cov_pop_tot,..,..,..,..,..,..,..,..,..,..,..,..,..,..,..,..,..,..,..,..
Greece,GRC,Access to electricity (% of population),EG.ELC.ACCS.ZS,100,100,100,100,100,100,100,100,100,100,100,100,100,100,100,100,100,100,100,..
Greece,GRC,Current health expenditure per capita (current US$),SH.XPD.CHEX.PC.CD,1168.82409668,1566.40979004,1782.69592285,1935.26757813,2052.87548828,2426.75952148,2840.50854492,2809.05957031,2564.36938477,2338.91503906,1948.24853516,1813.87792969,1705.11450195,1452.05200195,1488.19812012,1505.94592285,1572.6842041,1500.5949707,..,..
Greece,GRC,Current health expenditure (% of GDP),SH.XPD.CHEX.GD.ZS,8.23378086,8.44915676,8.09390354,8.56466961,8.25866985,8.39808178,8.82774258,9.40688515,9.59662342,9.19330311,8.92377281,8.36682224,7.90779018,8.06892395,8.32109451,8.10309219,7.95876884,7.83788586,..,..
Greece,GRC,"Fertility rate, total (births per woman)",SP.DYN.TFRT.IN,1.28,1.29,1.31,1.34,1.4,1.41,1.5,1.5,1.48,1.4,1.34,1.29,1.3,1.33,1.38,1.35,1.35,1.34,1.34,..
Greece,GRC,Coverage of social insurance programs (% of population),per_si_allsi.cov_pop_tot,..,..,..,..,..,..,..,..,..,..,..,..,..,..,..,..,..,..,..,..
Greenland,GRL,Access to electricity (% of population),EG.ELC.ACCS.ZS,100,100,100,100,100,100,100,100,100,100,100,100,100,100,100,100,100,100,100,..
Greenland,GRL,Current health expenditure per capita (current US$),SH.XPD.CHEX.PC.CD,..,..,..,..,..,..,..,..,..,..,..,..,..,..,..,..,..,..,..,..
Greenland,GRL,Current health expenditure (% of GDP),SH.XPD.CHEX.GD.ZS,..,..,..,..,..,..,..,..,..,..,..,..,..,..,..,..,..,..,..,..
Greenland,GRL,"Fertility rate, total (births per woman)",SP.DYN.TFRT.IN,2.566,2.372,2.415,2.377,2.256,2.299,2.247,2.359,2.195,2.117,2.019,2.077,2.037,2.01,2,2.09,2,2.08,2.019,..
Greenland,GRL,Coverage of social insurance programs (% of population),per_si_allsi.cov_pop_tot,..,..,..,..,..,..,..,..,..,..,..,..,..,..,..,..,..,..,..,..
Guam,GUM,Access to electricity (% of population),EG.ELC.ACCS.ZS,100,100,100,100,100,100,100,100,100,100,100,100,100,100,100,100,100,100,100,..
Guam,GUM,Current health expenditure per capita (current US$),SH.XPD.CHEX.PC.CD,..,..,..,..,..,..,..,..,..,..,..,..,..,..,..,..,..,..,..,..
Guam,GUM,Current health expenditure (% of GDP),SH.XPD.CHEX.GD.ZS,..,..,..,..,..,..,..,..,..,..,..,..,..,..,..,..,..,..,..,..
Guam,GUM,"Fertility rate, total (births per woman)",SP.DYN.TFRT.IN,2.758,2.718,2.677,2.636,2.598,2.564,2.534,2.509,2.488,2.469,2.45,2.429,2.406,2.383,2.358,2.334,2.313,2.293,2.275,..
Guam,GUM,Coverage of social insurance programs (% of population),per_si_allsi.cov_pop_tot,..,..,..,..,..,..,..,..,..,..,..,..,..,..,..,..,..,..,..,..
"Hong Kong SAR, China",HKG,Access to electricity (% of population),EG.ELC.ACCS.ZS,100,100,100,100,100,100,100,100,100,100,100,100,100,100,100,100,100,100,100,..
"Hong Kong SAR, China",HKG,Current health expenditure per capita (current US$),SH.XPD.CHEX.PC.CD,..,..,..,..,..,..,..,..,..,..,..,..,..,..,..,..,..,..,..,..
"Hong Kong SAR, China",HKG,Current health expenditure (% of GDP),SH.XPD.CHEX.GD.ZS,..,..,..,..,..,..,..,..,..,..,..,..,..,..,..,..,..,..,..,..
"Hong Kong SAR, China",HKG,"Fertility rate, total (births per woman)",SP.DYN.TFRT.IN,0.941,0.901,0.922,0.959,0.984,1.028,1.064,1.055,1.127,1.204,1.285,1.125,1.235,1.196,1.205,1.125,1.072,1.051,0.868,..
"Hong Kong SAR, China",HKG,Coverage of social insurance programs (% of population),per_si_allsi.cov_pop_tot,..,..,..,..,..,..,..,..,..,..,..,..,..,..,..,..,..,..,..,..
Hungary,HUN,Access to electricity (% of population),EG.ELC.ACCS.ZS,100,100,100,100,100,100,100,100,100,100,100,100,100,100,100,100,100,100,100,..
Hungary,HUN,Current health expenditure per capita (current US$),SH.XPD.CHEX.PC.CD,473.12783813,682.86566162,798.45361328,895.20330811,893.20300293,1003.25817871,1117.20227051,943.68768311,983.11083984,1063.43225098,961.1383667,990.63116455,1006.15649414,870.51940918,914.19354248,985.79901123,1074.01757813,1062.39416504,..,..
Hungary,HUN,Current health expenditure (% of GDP),SH.XPD.CHEX.GD.ZS,7.12101698,8.11923409,7.77005482,8.00078201,7.78737354,7.21529293,7.09688091,7.2392807,7.46319818,7.49094248,7.43017483,7.24897766,7.06011677,6.85949564,6.99535179,6.75595856,6.54620171,6.35002232,..,..
Hungary,HUN,"Fertility rate, total (births per woman)",SP.DYN.TFRT.IN,1.3,1.27,1.28,1.31,1.34,1.32,1.35,1.32,1.25,1.23,1.34,1.35,1.44,1.45,1.53,1.54,1.55,1.55,1.56,..
Hungary,HUN,Coverage of social insurance programs (% of population),per_si_allsi.cov_pop_tot,..,..,..,..,..,57.1208107066803,..,..,..,..,..,..,..,..,..,..,..,..,..,..
Iceland,ISL,Access to electricity (% of population),EG.ELC.ACCS.ZS,100,100,100,100,100,100,100,100,100,100,100,100,100,100,100,100,100,100,100,..
Iceland,ISL,Current health expenditure per capita (current US$),SH.XPD.CHEX.PC.CD,3091.28833008,3861.73608398,4430.375,5111.64208984,4986.39794922,5926.80712891,4851.42138672,3652.20849609,3589.55566406,3860.0300293,3705.94604492,4029.2331543,4474.54931641,4280.49072266,5068.10009766,6144.54638672,6565.87939453,6274.95947266,..,..
Iceland,ISL,Current health expenditure (% of GDP),SH.XPD.CHEX.GD.ZS,9.46551323,9.72930241,9.32854366,8.94695091,8.55709076,8.3535862,8.34370804,8.77518463,8.36173058,8.20293236,8.18118858,8.17555237,8.22888947,8.06978989,8.09714699,8.30908108,8.44292068,8.63868046,..,..
Iceland,ISL,"Fertility rate, total (births per woman)",SP.DYN.TFRT.IN,1.93,1.99,2.04,2.05,2.08,2.09,2.15,2.23,2.2,2.02,2.04,1.93,1.93,1.8,1.74,1.71,1.71,1.74,1.72,..
Iceland,ISL,Coverage of social insurance programs (% of population),per_si_allsi.cov_pop_tot,..,..,..,..,..,..,..,..,..,..,..,..,..,..,..,..,..,..,..,..
Ireland,IRL,Access to electricity (% of population),EG.ELC.ACCS.ZS,100,100,100,100,100,100,100,100,100,100,100,100,100,100,100,100,100,100,100,..
Ireland,IRL,Current health expenditure per capita (current US$),SH.XPD.CHEX.PC.CD,2200.35742188,2910.93212891,3483.16064453,3938.19116211,4147.13232422,4858.64501953,5638.77929688,5502.88769531,5133.45507813,5558.296875,5222.04492188,5328.57910156,5329.98046875,4561.38916016,4709.16845703,5010.25634766,5484.22119141,5428.58886719,..,..
Ireland,IRL,Current health expenditure (% of GDP),SH.XPD.CHEX.GD.ZS,6.67468452,7.0096755,7.22300482,7.64583445,7.51655483,7.80535555,9.10927963,10.5062685,10.50632477,10.676898,10.65266323,10.29696083,9.53489971,7.31605005,7.4248991,7.06397724,6.86017275,6.67931509,..,..
Ireland,IRL,"Fertility rate, total (births per woman)",SP.DYN.TFRT.IN,1.97,1.96,1.93,1.86,1.91,2.01,2.06,2.06,2.05,2.03,1.98,1.93,1.89,1.85,1.81,1.77,1.75,1.71,1.63,..
Ireland,IRL,Coverage of social insurance programs (% of population),per_si_allsi.cov_pop_tot,..,..,..,..,..,..,..,..,..,..,..,..,..,..,..,..,..,..,..,..
Isle of Man,IMN,Access to electricity (% of population),EG.ELC.ACCS.ZS,100,100,100,100,100,100,100,100,100,100,100,100,100,100,100,100,100,100,100,..
Isle of Man,IMN,Current health expenditure per capita (current US$),SH.XPD.CHEX.PC.CD,..,..,..,..,..,..,..,..,..,..,..,..,..,..,..,..,..,..,..,..
Isle of Man,IMN,Current health expenditure (% of GDP),SH.XPD.CHEX.GD.ZS,..,..,..,..,..,..,..,..,..,..,..,..,..,..,..,..,..,..,..,..
Isle of Man,IMN,"Fertility rate, total (births per woman)",SP.DYN.TFRT.IN,1.65,..,..,..,..,..,..,..,..,..,..,..,..,..,..,..,..,..,..,..
Isle of Man,IMN,Coverage of social insurance programs (% of population),per_si_allsi.cov_pop_tot,..,..,..,..,..,..,..,..,..,..,..,..,..,..,..,..,..,..,..,..
Israel,ISR,Access to electricity (% of population),EG.ELC.ACCS.ZS,100,100,100,100,100,100,100,100,100,100,100,100,100,100,100,100,100,100,100,..
Israel,ISR,Current health expenditure per capita (current US$),SH.XPD.CHEX.PC.CD,1403.31604004,1433.67077637,1488.16137695,1555.03601074,1593.60986328,1799.73254395,2144.8215332,2039.00305176,2234.94970703,2437.04614258,2402.91577148,2678.36181641,2819.57177734,2670.46679688,2818.50537109,3118.43359375,3329.23291016,3456.38696289,..,..
Israel,ISR,Current health expenditure (% of GDP),SH.XPD.CHEX.GD.ZS,7.13073444,7.06917286,7.01328945,7.11729813,6.9061389,6.88173389,6.96061993,7.06538868,7.01663876,6.99058676,7.11508703,7.07797098,7.14262056,7.09919786,7.17326927,7.28954744,7.53235054,7.46131897,..,..
Israel,ISR,"Fertility rate, total (births per woman)",SP.DYN.TFRT.IN,2.89,2.95,2.9,2.84,2.88,2.9,2.96,2.96,3.03,2.98,3.05,3.03,3.08,3.09,3.11,3.11,3.09,3.01,2.9,..
Israel,ISR,Coverage of social insurance programs (% of population),per_si_allsi.cov_pop_tot,..,..,..,..,..,..,..,..,..,..,..,..,..,..,..,..,..,..,..,..
Italy,ITA,Access to electricity (% of population),EG.ELC.ACCS.ZS,100,100,100,100,100,100,100,100,100,100,100,100,100,100,100,100,100,100,100,..
Italy,ITA,Current health expenditure per capita (current US$),SH.XPD.CHEX.PC.CD,1762.53759766,2163.02539063,2565.62744141,2677.55224609,2832.69775391,3092.55883789,3504.11157227,3337.75073242,3217.68286133,3392.01269531,3086.30322266,3149.24267578,3154.27587891,2675.67163086,2699.73291016,2809.72143555,3000.7109375,2905.5,..,..
Italy,ITA,Current health expenditure (% of GDP),SH.XPD.CHEX.GD.ZS,7.86693525,7.83297729,8.16549301,8.33931828,8.43673038,8.13610077,8.53282356,8.95162296,8.91602039,8.77413177,8.78352833,8.77543831,8.86791897,8.85689163,8.72533035,8.6777401,8.67509365,8.66856861,..,..
Italy,ITA,"Fertility rate, total (births per woman)",SP.DYN.TFRT.IN,1.27,1.29,1.34,1.34,1.37,1.4,1.45,1.45,1.46,1.44,1.43,1.39,1.37,1.35,1.34,1.32,1.29,1.27,1.24,..
Italy,ITA,Coverage of social insurance programs (% of population),per_si_allsi.cov_pop_tot,..,..,..,..,..,..,..,..,..,..,..,..,..,..,..,..,..,..,..,..
Japan,JPN,Access to electricity (% of population),EG.ELC.ACCS.ZS,100,100,100,100,100,100,100,100,100,100,100,100,100,100,100,100,100,100,100,..
Japan,JPN,Current health expenditure per capita (current US$),SH.XPD.CHEX.PC.CD,2404.64648438,2642.22705078,2875.93359375,2883.30004883,2754.37744141,2772.69702148,3213.69555664,3686.15429688,4060.4909668,5087.35644531,5212.18359375,4336.10693359,4099.28027344,3733.37646484,4174.42236328,4121.03662109,4256.09570313,4360.47363281,..,..
Japan,JPN,Current health expenditure (% of GDP),SH.XPD.CHEX.GD.ZS,7.35235357,7.48654842,7.53518438,7.65818596,7.68688822,7.77935696,8.08909321,8.9587822,9.0630064,10.48780155,10.67169189,10.67438602,10.7290144,10.74969959,10.65891647,10.65627003,10.74838829,10.74372482,..,..
Japan,JPN,"Fertility rate, total (births per woman)",SP.DYN.TFRT.IN,1.32,1.29,1.29,1.26,1.32,1.34,1.37,1.37,1.39,1.39,1.41,1.43,1.42,1.45,1.44,1.43,1.42,1.36,1.34,..
Japan,JPN,Coverage of social insurance programs (% of population),per_si_allsi.cov_pop_tot,..,..,..,..,..,..,..,..,..,..,..,..,..,..,..,..,..,..,..,..
"Korea, Rep.",KOR,Access to electricity (% of population),EG.ELC.ACCS.ZS,100,100,100,100,100,100,100,100,100,100,100,100,100,100,100,100,100,100,100,..
"Korea, Rep.",KOR,Current health expenditure per capita (current US$),SH.XPD.CHEX.PC.CD,544.03717041,644.13214111,717.29193115,886.28741455,1064.65270996,1223.01843262,1151.71606445,1105.79052734,1365.9128418,1512.53271484,1565.65600586,1700.95288086,1899.13891602,1919.03735352,2033.85119629,2257.51757813,2543.59643555,2624.53320313,..,..
"Korea, Rep.",KOR,Current health expenditure (% of GDP),SH.XPD.CHEX.GD.ZS,4.16491032,4.4238739,4.38896513,4.61782169,4.94396782,5.11490726,5.39896727,5.78228998,5.91734409,6.00844383,6.13262033,6.24789429,6.47438097,6.65271664,6.91432714,7.10694933,7.54388428,8.1641655,..,..
"Korea, Rep.",KOR,"Fertility rate, total (births per woman)",SP.DYN.TFRT.IN,1.178,1.191,1.164,1.085,1.132,1.259,1.192,1.149,1.226,1.244,1.297,1.187,1.205,1.239,1.172,1.052,0.977,0.918,0.837,..
"Korea, Rep.",KOR,Coverage of social insurance programs (% of population),per_si_allsi.cov_pop_tot,..,..,..,..,..,..,..,..,..,..,..,..,..,..,..,..,..,..,..,..
Kuwait,KWT,Access to electricity (% of population),EG.ELC.ACCS.ZS,100,100,100,100,100,100,100,100,100,100,100,100,100,100,100,100,100,100,100,..
Kuwait,KWT,Current health expenditure per capita (current US$),SH.XPD.CHEX.PC.CD,557.56756592,611.35742188,636.68395996,716.55084229,779.25830078,882.0713501,1067.61730957,1016.609375,1033.38378906,1134.39294434,1212.57043457,1228.76708984,1285.00769043,1259.18457031,1308.10620117,1384.57824707,1733.80908203,1758.67419434,..,..
Kuwait,KWT,Current health expenditure (% of GDP),SH.XPD.CHEX.GD.ZS,3.12468719,2.76216865,2.35702443,2.01313829,1.82130992,1.92673659,1.92400312,2.70638752,2.67879915,2.33303523,2.33311439,2.48789287,2.9159987,4.21497965,4.73096323,4.65326786,5.09953451,5.49601221,..,..
Kuwait,KWT,"Fertility rate, total (births per woman)",SP.DYN.TFRT.IN,2.69,2.614,2.548,2.494,2.447,2.399,2.347,2.291,2.234,2.182,2.139,2.109,2.09,2.083,2.082,2.083,2.082,2.077,2.068,..
Kuwait,KWT,Coverage of social insurance programs (% of population),per_si_allsi.cov_pop_tot,..,..,..,..,..,..,..,..,..,..,..,..,..,..,..,..,..,..,..,..
Latvia,LVA,Access to electricity (% of population),EG.ELC.ACCS.ZS,100,100,100,100,100,100,100,100,100,100,100,100,100,100,100,100,100,100,100,..
Latvia,LVA,Current health expenditure per capita (current US$),SH.XPD.CHEX.PC.CD,237.29516602,280.50878906,393.29806519,440.80975342,552.30157471,775.19152832,913.52148438,744.66162109,689.07720947,764.59173584,745.51745605,807.13000488,856.76654053,775.86431885,874.79772949,932.50158691,1101.49255371,1166.79785156,..,..
Latvia,LVA,Current health expenditure (% of GDP),SH.XPD.CHEX.GD.ZS,5.77001858,5.48984146,6.21677923,5.84766769,5.71834707,5.52228498,5.6001029,6.11926985,6.11952686,5.54237556,5.38090277,5.36752796,5.46614885,5.65469503,6.13591957,5.97031736,6.19103575,6.57814217,..,..
Latvia,LVA,"Fertility rate, total (births per woman)",SP.DYN.TFRT.IN,1.26,1.32,1.29,1.39,1.46,1.54,1.58,1.46,1.36,1.33,1.44,1.52,1.65,1.7,1.74,1.69,1.6,1.61,1.55,..
Latvia,LVA,Coverage of social insurance programs (% of population),per_si_allsi.cov_pop_tot,..,..,..,..,..,..,52.4433570024829,45.7237457396669,..,..,..,..,..,..,..,..,..,..,..,..
Liechtenstein,LIE,Access to electricity (% of population),EG.ELC.ACCS.ZS,100,100,100,100,100,100,100,100,100,100,100,100,100,100,100,100,100,100,100,..
Liechtenstein,LIE,Current health expenditure per capita (current US$),SH.XPD.CHEX.PC.CD,..,..,..,..,..,..,..,..,..,..,..,..,..,..,..,..,..,..,..,..
Liechtenstein,LIE,Current health expenditure (% of GDP),SH.XPD.CHEX.GD.ZS,..,..,..,..,..,..,..,..,..,..,..,..,..,..,..,..,..,..,..,..
Liechtenstein,LIE,"Fertility rate, total (births per woman)",SP.DYN.TFRT.IN,1.47,1.36,1.44,1.49,1.43,1.42,1.43,1.71,1.4,1.69,1.51,1.45,1.59,1.4,1.61,1.44,1.58,1.48,1.46,..
Liechtenstein,LIE,Coverage of social insurance programs (% of population),per_si_allsi.cov_pop_tot,..,..,..,..,..,..,..,..,..,..,..,..,..,..,..,..,..,..,..,..
Lithuania,LTU,Access to electricity (% of population),EG.ELC.ACCS.ZS,100,100,100,100,100,100,100,100,100,100,100,100,100,100,100,100,100,100,100,..
Lithuania,LTU,Current health expenditure per capita (current US$),SH.XPD.CHEX.PC.CD,254.36688232,338.86306763,366.95968628,438.93267822,536.05737305,704.29315186,936.50933838,864.73638916,805.2244873,925.47161865,896.93707275,958.92718506,1021.23297119,920.19976807,988.5279541,1083.30334473,1249.03100586,1369.97949219,..,..
Lithuania,LTU,Current health expenditure (% of GDP),SH.XPD.CHEX.GD.ZS,6.14446115,6.18627787,5.5114994,5.64800453,5.84418154,5.7643218,6.29453754,7.36587334,6.81462288,6.4878149,6.2759347,6.12593651,6.19332647,6.49043989,6.63746214,6.47513723,6.53385353,7.00600433,..,..
Lithuania,LTU,"Fertility rate, total (births per woman)",SP.DYN.TFRT.IN,1.23,1.26,1.27,1.29,1.33,1.36,1.45,1.5,1.5,1.55,1.6,1.59,1.63,1.7,1.69,1.63,1.63,1.61,1.48,..
Lithuania,LTU,Coverage of social insurance programs (% of population),per_si_allsi.cov_pop_tot,..,..,..,..,..,..,45.03507583,..,..,..,..,..,..,..,..,..,..,..,..,..
Luxembourg,LUX,Access to electricity (% of population),EG.ELC.ACCS.ZS,100,100,100,100,100,100,100,100,100,100,100,100,100,100,100,100,100,100,100,..
Luxembourg,LUX,Current health expenditure per capita (current US$),SH.XPD.CHEX.PC.CD,3600.86743164,4607.40283203,5610.35351563,5818.14599609,6070.73583984,6671.26513672,7578.74951172,7670.59375,7459.83544922,7174.73925781,6029.47509766,6356.64453125,6547.03466797,5421.93212891,5475.13964844,5713.11865234,6227.08398438,6220.74121094,..,..
Luxembourg,LUX,Current health expenditure (% of GDP),SH.XPD.CHEX.GD.ZS,6.73847198,6.97271538,7.34548569,7.18256855,6.70838261,6.23472404,6.53840208,7.33979321,7.03158236,6.11205053,5.58377266,5.52774715,5.43687868,5.28378248,5.19496346,5.25779152,5.28587103,5.37075996,..,..
Luxembourg,LUX,"Fertility rate, total (births per woman)",SP.DYN.TFRT.IN,1.63,1.62,1.66,1.63,1.65,1.61,1.61,1.59,1.63,1.52,1.57,1.55,1.5,1.47,1.41,1.39,1.38,1.34,1.37,..
Luxembourg,LUX,Coverage of social insurance programs (% of population),per_si_allsi.cov_pop_tot,..,..,..,..,..,..,..,..,..,..,..,..,..,..,..,..,..,..,..,..
"Macao SAR, China",MAC,Access to electricity (% of population),EG.ELC.ACCS.ZS,100,100,100,100,100,100,100,100,100,100,100,100,100,100,100,100,100,100,100,..
"Macao SAR, China",MAC,Current health expenditure per capita (current US$),SH.XPD.CHEX.PC.CD,..,..,..,..,..,..,..,..,..,..,..,..,..,..,..,..,..,..,..,..
"Macao SAR, China",MAC,Current health expenditure (% of GDP),SH.XPD.CHEX.GD.ZS,..,..,..,..,..,..,..,..,..,..,..,..,..,..,..,..,..,..,..,..
"Macao SAR, China",MAC,"Fertility rate, total (births per woman)",SP.DYN.TFRT.IN,0.875,0.86,0.862,0.879,0.911,0.953,0.999,1.048,1.093,1.131,1.161,1.183,1.196,1.203,1.207,1.211,1.217,1.228,1.244,..
"Macao SAR, China",MAC,Coverage of social insurance programs (% of population),per_si_allsi.cov_pop_tot,..,..,..,..,..,..,..,..,..,..,..,..,..,..,..,..,..,..,..,..
Malta,MLT,Access to electricity (% of population),EG.ELC.ACCS.ZS,100,100,100,100,100,100,100,100,100,100,100,100,100,100,100,100,100,100,100,..
Malta,MLT,Current health expenditure per capita (current US$),SH.XPD.CHEX.PC.CD,830.64630127,1074.09313965,1223.85742188,1379.68640137,1474.48449707,1596.12316895,1751.16503906,1677.36230469,1733.66882324,1960.06115723,1898.60144043,2121.08227539,2456.43481445,2243.46704102,2321.15332031,2551.71606445,2753.51098633,2531.91088867,..,..
Malta,MLT,Current health expenditure (% of GDP),SH.XPD.CHEX.GD.ZS,7.70661688,7.89556122,8.04820728,8.66396618,8.80992031,8.16883469,7.8633585,7.9238286,7.95211124,8.4481411,8.37802982,8.49665737,9.08505249,8.89759541,8.94369507,8.89494133,8.81080437,8.21444321,..,..
Malta,MLT,"Fertility rate, total (births per woman)",SP.DYN.TFRT.IN,1.45,1.48,1.4,1.38,1.36,1.35,1.43,1.42,1.36,1.45,1.42,1.36,1.38,1.37,1.37,1.26,1.23,1.14,1.13,..
Malta,MLT,Coverage of social insurance programs (% of population),per_si_allsi.cov_pop_tot,..,..,..,..,..,..,..,..,..,..,..,..,..,..,..,..,..,..,..,..
Monaco,MCO,Access to electricity (% of population),EG.ELC.ACCS.ZS,100,100,100,100,100,100,100,100,100,100,100,100,100,100,100,100,100,100,100,..
Monaco,MCO,Current health expenditure per capita (current US$),SH.XPD.CHEX.PC.CD,1560.80944824,2214.79492188,2570.47680664,2628.36108398,2706.86279297,3039.2565918,3573.77270508,3523.40356445,3509.56616211,3677.65063477,3520.15454102,3818.14013672,3947.67919922,3366.15014648,2765.32958984,2751.86694336,2968.84912109,2905.84375,..,..
Monaco,MCO,Current health expenditure (% of GDP),SH.XPD.CHEX.GD.ZS,1.79035473,2.08464146,2.1265049,2.11639619,2.01949477,1.78815055,1.9241817,2.27634358,2.33074474,2.17874694,2.23475242,2.14983034,2.0869267,2.02846766,1.62753129,1.64274836,1.59628761,1.5251174,..,..
Monaco,MCO,"Fertility rate, total (births per woman)",SP.DYN.TFRT.IN,..,..,..,..,..,..,..,..,..,..,..,..,..,..,..,..,..,..,..,..
Monaco,MCO,Coverage of social insurance programs (% of population),per_si_allsi.cov_pop_tot,..,..,..,..,..,..,..,..,..,..,..,..,..,..,..,..,..,..,..,..
Nauru,NRU,Access to electricity (% of population),EG.ELC.ACCS.ZS,99.386589050293,99.3523178100586,99.3151550292969,99.2774505615234,99.2416305541992,99.8000030517578,99.1862487792969,99.1721115112305,99.1706314086914,99,99.2164459228516,99.2682113647461,99.3377914428711,99,99.7128829956055,99.8700408935547,99.92822265625,100,100,..
Nauru,NRU,Current health expenditure per capita (current US$),SH.XPD.CHEX.PC.CD,298.30621338,275.37774658,219.68699646,335.60723877,371.0635376,597.42858887,819.35687256,579.8527832,628.58972168,673.38220215,884.76080322,856.9418335,793.54376221,1033.64709473,1045.15527344,1215.30480957,967.13873291,1049.44702148,..,..
Nauru,NRU,Current health expenditure (% of GDP),SH.XPD.CHEX.GD.ZS,13.1944294,9.53113365,6.57316685,10.30554104,12.41761684,24.23068047,23.0041008,12.31575871,12.6964016,9.81177711,9.21772385,9.4396801,7.94534922,13.73628521,10.74993038,11.5623312,8.63223171,9.78171635,..,..
Nauru,NRU,"Fertility rate, total (births per woman)",SP.DYN.TFRT.IN,..,..,..,..,..,..,..,..,..,..,..,..,..,..,..,..,..,..,..,..
Nauru,NRU,Coverage of social insurance programs (% of population),per_si_allsi.cov_pop_tot,..,..,..,..,..,..,..,..,..,..,..,..,..,..,..,..,..,..,..,..
Netherlands,NLD,Access to electricity (% of population),EG.ELC.ACCS.ZS,100,100,100,100,100,100,100,100,100,100,100,100,100,100,100,100,100,100,100,..
Netherlands,NLD,Current health expenditure per capita (current US$),SH.XPD.CHEX.PC.CD,2544.80908203,3244.35571289,3689.42993164,3823.50146484,4080.23242188,4696.13818359,5382.47216797,5282.73583984,5191.72802734,5562.09619141,5284.68652344,5532.68701172,5601.90234375,4676.56201172,4753.67431641,4934.57519531,5336.984375,5335.30126953,..,..
Netherlands,NLD,Current health expenditure (% of GDP),SH.XPD.CHEX.GD.ZS,8.64911556,9.0565691,9.11067963,9.09671688,9.08058071,9.05291939,9.27664948,9.99291134,10.15515518,10.23353291,10.53905964,10.5835619,10.56706905,10.32393837,10.2942524,10.1082983,10.0318222,10.13031101,..,..
Netherlands,NLD,"Fertility rate, total (births per woman)",SP.DYN.TFRT.IN,1.73,1.75,1.72,1.71,1.72,1.72,1.77,1.79,1.79,1.76,1.72,1.68,1.71,1.66,1.66,1.62,1.59,1.57,1.55,..
Netherlands,NLD,Coverage of social insurance programs (% of population),per_si_allsi.cov_pop_tot,..,..,..,..,..,..,..,..,..,..,..,..,..,..,..,..,..,..,..,..
New Caledonia,NCL,Access to electricity (% of population),EG.ELC.ACCS.ZS,100,100,100,100,100,100,100,100,100,100,100,100,100,100,100,100,100,100,100,..
New Caledonia,NCL,Current health expenditure per capita (current US$),SH.XPD.CHEX.PC.CD,..,..,..,..,..,..,..,..,..,..,..,..,..,..,..,..,..,..,..,..
New Caledonia,NCL,Current health expenditure (% of GDP),SH.XPD.CHEX.GD.ZS,..,..,..,..,..,..,..,..,..,..,..,..,..,..,..,..,..,..,..,..
New Caledonia,NCL,"Fertility rate, total (births per woman)",SP.DYN.TFRT.IN,2.33,2.27,2.18,2.2,2.29,2.2,2.2,2.2,2.2,2.15,2.28,2.19,2.17,2.06,2.08,1.97,1.97,1.94,1.923,..
New Caledonia,NCL,Coverage of social insurance programs (% of population),per_si_allsi.cov_pop_tot,..,..,..,..,..,..,..,..,..,..,..,..,..,..,..,..,..,..,..,..
New Zealand,NZL,Access to electricity (% of population),EG.ELC.ACCS.ZS,100,100,100,100,100,100,100,100,100,100,100,100,100,100,100,100,100,100,100,..
New Zealand,NZL,Current health expenditure per capita (current US$),SH.XPD.CHEX.PC.CD,1246.31347656,1610.93762207,1983.65881348,2295.17797852,2301.8918457,2699.4128418,2839.17895508,2700.97705078,3216.22363281,3625.77246094,3805.97167969,3954.66699219,4143.78808594,3582.27294922,3746.47680664,3940.39038086,4037.46289063,4211.04638672,..,..
New Zealand,NZL,Current health expenditure (% of GDP),SH.XPD.CHEX.GD.ZS,7.90045929,7.72169209,7.90090561,8.27334881,8.63841629,8.32904434,9.12382889,9.62076378,9.59277534,9.51987362,9.65163612,9.3601923,9.40168381,9.28344345,9.23865223,9.01967621,9.21034622,9.74117661,..,..
New Zealand,NZL,"Fertility rate, total (births per woman)",SP.DYN.TFRT.IN,1.89,1.93,1.98,1.97,2.01,2.18,2.19,2.13,2.17,2.09,2.1,2.01,1.92,1.99,1.87,1.81,1.71,1.72,1.61,..
New Zealand,NZL,Coverage of social insurance programs (% of population),per_si_allsi.cov_pop_tot,..,..,..,..,..,..,..,..,..,..,..,..,..,..,..,..,..,..,..,..
Northern Mariana Islands,MNP,Access to electricity (% of population),EG.ELC.ACCS.ZS,99.9876327514648,99.9618988037109,99.9228057861328,99.8775787353516,99.8331909179688,100,100,100,100,100,100,100,100,100,100,100,100,100,100,..
Northern Mariana Islands,MNP,Current health expenditure per capita (current US$),SH.XPD.CHEX.PC.CD,..,..,..,..,..,..,..,..,..,..,..,..,..,..,..,..,..,..,..,..
Northern Mariana Islands,MNP,Current health expenditure (% of GDP),SH.XPD.CHEX.GD.ZS,..,..,..,..,..,..,..,..,..,..,..,..,..,..,..,..,..,..,..,..
Northern Mariana Islands,MNP,"Fertility rate, total (births per woman)",SP.DYN.TFRT.IN,..,..,..,..,..,..,..,..,..,..,..,..,..,..,..,..,..,..,..,..
Northern Mariana Islands,MNP,Coverage of social insurance programs (% of population),per_si_allsi.cov_pop_tot,..,..,..,..,..,..,..,..,..,..,..,..,..,..,..,..,..,..,..,..
Norway,NOR,Access to electricity (% of population),EG.ELC.ACCS.ZS,100,100,100,100,100,100,100,100,100,100,100,100,100,100,100,100,100,100,100,..
Norway,NOR,Current health expenditure per capita (current US$),SH.XPD.CHEX.PC.CD,3889.95947266,4632.56835938,5097.34423828,5584.68945313,5892.98730469,6895.56054688,7768.05029297,7301.95996094,7859.51611328,8900.37207031,8970.12011719,9241.265625,9118.31738281,7565.54980469,7496.76855469,7815.78662109,8271.85839844,8007.39794922,..,..
Norway,NOR,Current health expenditure (% of GDP),SH.XPD.CHEX.GD.ZS,9.00061893,9.21471977,8.82115746,8.32839584,7.91272211,8.05085373,7.96075296,9.07431507,8.90553188,8.78868103,8.77787876,8.92953396,9.34493351,10.13146877,10.59129524,10.31589031,10.02394581,10.52134705,..,..
Norway,NOR,"Fertility rate, total (births per woman)",SP.DYN.TFRT.IN,1.75,1.8,1.83,1.84,1.9,1.9,1.96,1.98,1.95,1.88,1.85,1.78,1.75,1.72,1.71,1.62,1.56,1.53,1.48,..
Norway,NOR,Coverage of social insurance programs (% of population),per_si_allsi.cov_pop_tot,..,..,..,..,..,..,..,..,..,..,..,..,..,..,..,..,..,..,..,..
Oman,OMN,Access to electricity (% of population),EG.ELC.ACCS.ZS,100,100,100,100,100,100,100,100,100,100,100,100,100,100,100,100,100,100,100,..
Oman,OMN,Current health expenditure per capita (current US$),SH.XPD.CHEX.PC.CD,274.37960815,287.66351318,301.33010864,320.21218872,333.23526001,384.20870972,445.4979248,476.11990356,529.08093262,533.03204346,559.01855469,584.1394043,710.04162598,695.19116211,636.89013672,600.79107666,677.9642334,624.7444458,..,..
Oman,OMN,Current health expenditure (% of GDP),SH.XPD.CHEX.GD.ZS,3.18044019,3.17294717,2.97564673,2.5871408,2.31092191,2.4257648,2.01222706,2.8300879,2.82071519,2.54776597,2.5522778,2.79134297,3.52693391,4.3044014,4.35671568,3.97070861,4.10356855,4.07190228,..,..
Oman,OMN,"Fertility rate, total (births per woman)",SP.DYN.TFRT.IN,3.293,3.142,3.029,2.951,2.904,2.879,2.869,2.868,2.873,2.882,2.896,2.913,2.93,2.939,2.937,2.92,2.888,2.842,2.783,..
Oman,OMN,Coverage of social insurance programs (% of population),per_si_allsi.cov_pop_tot,..,..,..,..,..,..,..,..,..,..,..,..,..,..,..,..,..,..,..,..
Panama,PAN,Access to electricity (% of population),EG.ELC.ACCS.ZS,82.2009201049805,87.8000030517578,83.6769027709961,84.4129104614258,85.1507949829102,85.893196105957,86.6428375244141,87.4024124145508,86.8499984741211,88.9622192382813,89.7678680419922,89.0999984741211,91.436637878418,92.2947692871094,93.1647720336914,93.6999969482422,94.9285202026367,95.8163299560547,96.7046356201172,..
Panama,PAN,Current health expenditure per capita (current US$),SH.XPD.CHEX.PC.CD,291.9536438,286.98504639,326.21090698,304.47799683,350.74438477,427.22872925,489.81594849,530.07055664,572.6137085,616.99951172,703.82843018,790.77667236,885.66424561,928.09674072,1050.24365234,1046.33679199,1131.66015625,1192.82080078,..,..
Panama,PAN,Current health expenditure (% of GDP),SH.XPD.CHEX.GD.ZS,6.96316957,6.61838865,6.99114799,6.09434938,6.45193529,6.92857409,6.84644938,6.99648428,7.08509684,6.59314489,6.56412029,6.65125561,6.92144489,6.8090291,7.32181311,6.90812922,7.28005838,7.58405781,..,..
Panama,PAN,"Fertility rate, total (births per woman)",SP.DYN.TFRT.IN,2.698,2.679,2.663,2.651,2.643,2.637,2.632,2.628,2.622,2.613,2.601,2.584,2.564,2.54,2.514,2.487,2.461,2.437,2.415,..
Panama,PAN,Coverage of social insurance programs (% of population),per_si_allsi.cov_pop_tot,..,..,..,..,..,..,16.2588914085251,18.7120423882349,18.3792890430729,17.462461690869,17.2491202625581,17.1851470704261,17.8827769650935,18.00074479,18.69681075,19.49913486,20.80287949,21.40987799,..,..
Poland,POL,Access to electricity (% of population),EG.ELC.ACCS.ZS,100,100,100,100,100,100,100,100,100,100,100,100,100,100,100,100,100,100,100,..
Poland,POL,Current health expenditure per capita (current US$),SH.XPD.CHEX.PC.CD,315.83145142,339.33520508,392.00338745,465.70019531,524.09747314,660.92468262,892.59686279,759.60577393,809.19940186,866.09466553,815.1418457,878.08850098,911.29815674,803.95965576,813.47277832,909.57818604,978.73565674,1014.03820801,..,..
Poland,POL,Current health expenditure (% of GDP),SH.XPD.CHEX.GD.ZS,6.0672431,5.95371294,5.86845255,5.80689144,5.80280542,5.87339211,6.37592173,6.587708,6.41223288,6.2400856,6.22393656,6.41485739,6.38664055,6.39477158,6.53473806,6.5601325,6.32764196,6.44682503,..,..
Poland,POL,"Fertility rate, total (births per woman)",SP.DYN.TFRT.IN,1.25,1.22,1.23,1.24,1.27,1.31,1.39,1.4,1.41,1.33,1.33,1.29,1.32,1.32,1.39,1.48,1.46,1.44,1.38,..
Poland,POL,Coverage of social insurance programs (% of population),per_si_allsi.cov_pop_tot,..,..,..,48.398353589879,47.927951306373,46.9713315373708,46.4393517232493,45.7922500143518,45.3684210331004,44.9534001871237,43.7884296230798,..,..,43.9165017,..,..,..,..,..,..
Portugal,PRT,Access to electricity (% of population),EG.ELC.ACCS.ZS,100,100,100,100,100,100,100,100,100,100,100,100,100,100,100,100,100,100,100,..
Portugal,PRT,Current health expenditure per capita (current US$),SH.XPD.CHEX.PC.CD,1139.4029541,1443.37792969,1723.74401855,1814.35449219,1857.6451416,2112.52880859,2391.98120117,2346.54199219,2259.30371094,2255.96923828,1980.01867676,2030.63012695,2059.92651367,1790.53405762,1875.2421875,1998.06469727,2216.30664063,2221.43920898,..,..
Portugal,PRT,Current health expenditure (% of GDP),SH.XPD.CHEX.GD.ZS,8.78642941,9.12415695,9.5325079,9.65306759,9.35422611,9.25186634,9.58307838,10.13070393,10.03250504,9.73071671,9.65393162,9.40486622,9.34288025,9.31645775,9.39439583,9.30583763,9.4126482,9.53145981,..,..
Portugal,PRT,"Fertility rate, total (births per woman)",SP.DYN.TFRT.IN,1.46,1.44,1.4,1.41,1.37,1.35,1.39,1.34,1.39,1.35,1.28,1.21,1.23,1.31,1.36,1.38,1.42,1.43,1.4,..
Portugal,PRT,Coverage of social insurance programs (% of population),per_si_allsi.cov_pop_tot,..,..,..,..,..,..,..,..,..,..,..,..,..,..,..,..,..,..,..,..
Puerto Rico,PRI,Access to electricity (% of population),EG.ELC.ACCS.ZS,100,100,100,100,100,100,100,100,100,100,100,100,100,100,100,100,100,100,100,..
Puerto Rico,PRI,Current health expenditure per capita (current US$),SH.XPD.CHEX.PC.CD,..,..,..,..,..,..,..,..,..,..,..,..,..,..,..,..,..,..,..,..
Puerto Rico,PRI,Current health expenditure (% of GDP),SH.XPD.CHEX.GD.ZS,..,..,..,..,..,..,..,..,..,..,..,..,..,..,..,..,..,..,..,..
Puerto Rico,PRI,"Fertility rate, total (births per woman)",SP.DYN.TFRT.IN,1.8317,1.7624,1.7822,1.7702,1.7123,1.6505,1.6516,1.6528,1.6235,1.5965,1.5425,1.47,1.432,1.3365,1.2425,1.101,1.035,0.982,0.9,..
Puerto Rico,PRI,Coverage of social insurance programs (% of population),per_si_allsi.cov_pop_tot,..,..,..,..,..,..,..,..,..,..,..,..,..,..,..,..,..,..,..,..
Qatar,QAT,Access to electricity (% of population),EG.ELC.ACCS.ZS,100,100,100,100,100,100,100,100,100,100,100,100,100,100,100,100,100,100,100,..
Qatar,QAT,Current health expenditure per capita (current US$),SH.XPD.CHEX.PC.CD,742.26904297,1218.35241699,1295.11181641,1321.93945313,1311.67602539,1290.98693848,1283.84924316,1270.24853516,1206.00305176,1318.52197266,1487.32019043,1765.82836914,2031.83813477,1891.78417969,1856.35571289,1760.47888184,1730.18188477,1807.15393066,..,..
Qatar,QAT,Current health expenditure (% of GDP),SH.XPD.CHEX.GD.ZS,2.46044087,3.50257206,3.18311739,2.56300044,2.28806424,2.07008052,1.63775349,2.38356304,1.87017775,1.59996212,1.74822152,2.07620168,2.42293572,3.00097346,3.24747443,2.977561,2.62514997,2.9106288,..,..
Qatar,QAT,"Fertility rate, total (births per woman)",SP.DYN.TFRT.IN,2.996,2.858,2.713,2.569,2.433,2.312,2.211,2.13,2.07,2.027,1.997,1.972,1.95,1.929,1.907,1.886,1.866,1.846,1.827,..
Qatar,QAT,Coverage of social insurance programs (% of population),per_si_allsi.cov_pop_tot,..,..,..,..,..,..,..,..,..,..,..,..,..,..,..,..,..,..,..,..
Romania,ROU,Access to electricity (% of population),EG.ELC.ACCS.ZS,100,100,100,100,100,100,100,100,100,100,100,100,100,100,99.0999984741211,100,100,100,100,..
Romania,ROU,Current health expenditure per capita (current US$),SH.XPD.CHEX.PC.CD,96.57698822,143.54553223,190.7950592,254.52961731,291.00408936,415.06790161,521.31561279,449.37692261,472.20751953,426.59973145,401.67105103,495.23623657,503.34753418,442.24038696,476.24505615,555.11309814,687.15411377,738.5581665,..,..
Romania,ROU,Current health expenditure (% of GDP),SH.XPD.CHEX.GD.ZS,4.57694626,5.37136745,5.47733545,5.52778149,5.07106066,5.02223349,5.02274227,5.27841282,5.76614237,4.70199966,4.73353195,5.19664145,5.02168465,4.94721556,5.00346899,5.1508317,5.56050777,5.74447823,..,..
Romania,ROU,"Fertility rate, total (births per woman)",SP.DYN.TFRT.IN,1.27,1.3,1.33,1.4,1.42,1.45,1.6,1.66,1.59,1.47,1.52,1.46,1.56,1.62,1.69,1.71,1.76,1.77,1.6,..
Romania,ROU,Coverage of social insurance programs (% of population),per_si_allsi.cov_pop_tot,..,..,..,..,..,..,48.7203061109257,..,..,47.2210823598508,46.8599339285945,..,..,..,43.43829491,..,..,..,..,..
San Marino,SMR,Access to electricity (% of population),EG.ELC.ACCS.ZS,100,100,100,100,100,100,100,100,100,100,100,100,100,100,100,100,100,100,100,..
San Marino,SMR,Current health expenditure per capita (current US$),SH.XPD.CHEX.PC.CD,2219.18334961,2465.88720703,2910.73046875,3005.0637207,3188.14746094,3745.04931641,4311.38085938,4181.43554688,3983.75097656,4237.54101563,3974.92211914,3984.16870117,3825.48071289,3061.56323242,2950.00195313,3278.8984375,3388.47875977,3050.91821289,..,..
San Marino,SMR,Current health expenditure (% of GDP),SH.XPD.CHEX.GD.ZS,5.44233704,4.81547499,4.91077471,4.93253946,4.95809364,5.1441412,5.45987749,6.24213982,6.61328411,7.3972249,7.95256329,7.72582674,7.52978706,7.17826128,6.72881317,7.22321129,6.91428852,6.39008522,..,..
San Marino,SMR,"Fertility rate, total (births per woman)",SP.DYN.TFRT.IN,..,..,..,..,..,..,..,..,..,..,1.26,..,..,..,..,..,..,..,..,..
San Marino,SMR,Coverage of social insurance programs (% of population),per_si_allsi.cov_pop_tot,..,..,..,..,..,..,..,..,..,..,..,..,..,..,..,..,..,..,..,..
Saudi Arabia,SAU,Access to electricity (% of population),EG.ELC.ACCS.ZS,100,100,100,100,100,100,100,100,100,100,100,100,100,100,99.9000015258789,99.9300003051758,100,100,100,..
Saudi Arabia,SAU,Current health expenditure per capita (current US$),SH.XPD.CHEX.PC.CD,369.50018311,382.3901062,400.87582397,471.1194458,556.06555176,587.97845459,596.52648926,691.32269287,702.67108154,881.39575195,1014.699646,1109.5057373,1278.9765625,1237.33349609,1160.05163574,1302.76855469,1341.51977539,1316.26025391,..,..
Saudi Arabia,SAU,Current health expenditure (% of GDP),SH.XPD.CHEX.GD.ZS,4.2493763,3.97909737,3.58400607,3.4186728,3.61922503,3.56228733,2.97100425,4.29041958,3.647856,3.71177721,4.01962376,4.46568298,5.22795486,5.9983449,5.83562946,6.26256323,5.74845695,5.68828773,..,..
Saudi Arabia,SAU,"Fertility rate, total (births per woman)",SP.DYN.TFRT.IN,3.708,3.601,3.505,3.417,3.331,3.246,3.158,3.066,2.97,2.871,2.773,2.678,2.589,2.507,2.435,2.373,2.319,2.275,2.238,..
Saudi Arabia,SAU,Coverage of social insurance programs (% of population),per_si_allsi.cov_pop_tot,..,..,..,..,..,..,..,..,..,..,..,..,..,..,..,..,..,..,..,..
Seychelles,SYC,Access to electricity (% of population),EG.ELC.ACCS.ZS,96.0999984741211,95.0061950683594,95.3029098510742,95.5990905761719,99,96.1997146606445,96.509521484375,96.8292617797852,97,98.1479644775391,98.3913650512695,98,100,100,100,100,100,100,100,..
Seychelles,SYC,Current health expenditure per capita (current US$),SH.XPD.CHEX.PC.CD,378.29946899,440.71774292,499.11706543,516.16937256,531.23455811,469.32315063,425.85473633,362.60940552,513.22802734,532.08117676,655.85162354,641.22271729,675.4989624,665.63879395,772.44891357,777.85449219,840.28063965,839.77331543,..,..
Seychelles,SYC,Current health expenditure (% of GDP),SH.XPD.CHEX.GD.ZS,4.56042624,5.35933495,5.1972785,4.97854805,4.67937088,4.09072113,3.98245716,3.88551354,4.82908678,4.80053091,5.73247576,4.50912476,4.7388773,4.5895319,5.18561649,4.90735865,5.26916742,5.1902914,..,..
Seychelles,SYC,"Fertility rate, total (births per woman)",SP.DYN.TFRT.IN,2.04,2.06,2.01,2.2,2.11,2.24,2.33,2.38,2.16,2.33,2.37,2.26,2.25,2.31,2.39,2.41,2.41,2.36,2.29,..
Seychelles,SYC,Coverage of social insurance programs (% of population),per_si_allsi.cov_pop_tot,..,..,..,..,..,..,..,..,..,..,..,..,..,..,..,..,..,..,..,..
Singapore,SGP,Access to electricity (% of population),EG.ELC.ACCS.ZS,100,100,100,100,100,100,100,100,100,100,100,100,100,100,100,100,100,100,100,..
Singapore,SGP,Current health expenditure per capita (current US$),SH.XPD.CHEX.PC.CD,757.1998291,852.96881104,867.51263428,908.94598389,990.80169678,1121.3425293,1295.24987793,1328.52478027,1496.77600098,1676.00183105,1828.89758301,2078.59448242,2206.10742188,2302.59960938,2476.17456055,2625.00415039,2667.67480469,2632.71386719,..,..
Singapore,SGP,Current health expenditure (% of GDP),SH.XPD.CHEX.GD.ZS,3.358464,3.60699248,3.15019822,3.03367925,2.9347465,2.83749056,3.19488454,3.39853096,3.20265365,3.15792179,3.32783675,3.68562651,3.87155676,4.18069839,4.39192295,4.36418819,4.08520222,4.08152914,..,..
Singapore,SGP,"Fertility rate, total (births per woman)",SP.DYN.TFRT.IN,1.37,1.27,1.26,1.26,1.28,1.29,1.28,1.22,1.15,1.2,1.29,1.19,1.25,1.24,1.2,1.16,1.14,1.14,1.1,..
Singapore,SGP,Coverage of social insurance programs (% of population),per_si_allsi.cov_pop_tot,..,..,..,..,..,..,..,..,..,..,..,..,..,..,..,..,..,..,..,..
Sint Maarten (Dutch part),SXM,Access to electricity (% of population),EG.ELC.ACCS.ZS,100,100,100,100,100,99.9974060058594,99.9841156005859,99.9549026489258,100,100,100,100,100,100,100,100,100,100,100,..
Sint Maarten (Dutch part),SXM,Current health expenditure per capita (current US$),SH.XPD.CHEX.PC.CD,..,..,..,..,..,..,..,..,..,..,..,..,..,..,..,..,..,..,..,..
Sint Maarten (Dutch part),SXM,Current health expenditure (% of GDP),SH.XPD.CHEX.GD.ZS,..,..,..,..,..,..,..,..,..,..,..,..,..,..,..,..,..,..,..,..
Sint Maarten (Dutch part),SXM,"Fertility rate, total (births per woman)",SP.DYN.TFRT.IN,..,..,..,..,..,1.5,1.7,1.7,..,2.03,..,..,..,..,..,..,..,..,..,..
Sint Maarten (Dutch part),SXM,Coverage of social insurance programs (% of population),per_si_allsi.cov_pop_tot,..,..,..,..,..,..,..,..,..,..,..,..,..,..,..,..,..,..,..,..
Slovak Republic,SVK,Access to electricity (% of population),EG.ELC.ACCS.ZS,100,100,100,100,100,100,100,100,100,100,100,100,100,100,100,100,100,100,100,..
Slovak Republic,SVK,Current health expenditure per capita (current US$),SH.XPD.CHEX.PC.CD,254.12765503,344.47335815,511.52987671,601.31323242,729.01324463,1029.30041504,1251.67724609,1320.09301758,1296.54284668,1352.43835449,1319.43835449,1370.46765137,1289.34838867,1108.87817383,1175.5970459,1189.07226563,1299.91137695,1342.0748291,..,..
Slovak Republic,SVK,Current health expenditure (% of GDP),SH.XPD.CHEX.GD.ZS,5.50947618,5.44849873,6.37190485,6.58870029,6.85076714,7.17735386,6.9563446,7.94779444,7.73118067,7.3478632,7.54334021,7.49961424,6.89176321,6.7925415,7.11029387,6.77144289,6.70504332,6.9586463,..,..
Slovak Republic,SVK,"Fertility rate, total (births per woman)",SP.DYN.TFRT.IN,1.19,1.2,1.25,1.27,1.25,1.27,1.34,1.44,1.43,1.45,1.34,1.34,1.37,1.4,1.48,1.52,1.54,1.57,1.57,..
Slovak Republic,SVK,Coverage of social insurance programs (% of population),per_si_allsi.cov_pop_tot,..,..,..,..,..,..,..,49.7154774112668,..,..,..,..,..,..,..,..,..,..,..,..
Slovenia,SVN,Access to electricity (% of population),EG.ELC.ACCS.ZS,100,100,100,100,100,100,100,100,100,100,100,100,100,100,100,100,100,100,100,..
Slovenia,SVN,Current health expenditure per capita (current US$),SH.XPD.CHEX.PC.CD,944.87139893,1203.06347656,1368.64868164,1449.18920898,1541.66430664,1795.95043945,2179.45239258,2125.05688477,2017.14660645,2147.80517578,1974.85400391,2055.38134766,2062.38476563,1775.86083984,1835.40734863,1925.03479004,2169.57910156,2219.10058594,..,..
Slovenia,SVN,Current health expenditure (% of GDP),SH.XPD.CHEX.GD.ZS,8.02119923,8.09883595,7.93957281,7.99595737,7.82322741,7.51139164,7.85466576,8.540802,8.56503296,8.53639603,8.71509933,8.74028301,8.50197506,8.49823952,8.4630394,8.18522835,8.27940369,8.52386475,..,..
Slovenia,SVN,"Fertility rate, total (births per woman)",SP.DYN.TFRT.IN,1.21,1.2,1.25,1.26,1.31,1.38,1.53,1.53,1.57,1.56,1.58,1.55,1.58,1.57,1.58,1.62,1.6,1.61,1.6,..
Slovenia,SVN,Coverage of social insurance programs (% of population),per_si_allsi.cov_pop_tot,..,..,..,..,..,..,..,..,..,..,..,..,..,..,..,..,..,..,..,..
Spain,ESP,Access to electricity (% of population),EG.ELC.ACCS.ZS,100,100,100,100,100,100,100,100,100,100,100,100,100,100,100,100,100,100,100,..
Spain,ESP,Current health expenditure per capita (current US$),SH.XPD.CHEX.PC.CD,1174.5793457,1641.05871582,1924.4453125,2060.33081055,2242.17822266,2606.17895508,2995.04980469,2937.53442383,2789.53393555,2909.11767578,2591.01611328,2629.60546875,2679.62939453,2349.05444336,2376.72119141,2526.72045898,2740.26928711,2711.19287109,..,..
Spain,ESP,Current health expenditure (% of GDP),SH.XPD.CHEX.GD.ZS,6.80052805,7.56392097,7.65912247,7.73195314,7.82912683,7.9183569,8.3818779,9.10707188,9.1185751,9.16859245,9.15699196,9.06737709,9.08936405,9.12617207,8.9523859,8.9569416,8.99036121,9.13213158,..,..
Spain,ESP,"Fertility rate, total (births per woman)",SP.DYN.TFRT.IN,1.25,1.3,1.31,1.33,1.36,1.38,1.45,1.38,1.37,1.34,1.32,1.27,1.32,1.33,1.34,1.31,1.26,1.23,1.23,..
Spain,ESP,Coverage of social insurance programs (% of population),per_si_allsi.cov_pop_tot,..,..,..,..,..,..,..,..,..,..,..,..,..,..,..,..,..,..,..,..
St. Kitts and Nevis,KNA,Access to electricity (% of population),EG.ELC.ACCS.ZS,95.8031845092773,96.0549850463867,96.3038940429688,96.5522689819336,96.8025207519531,97.0572891235352,97.3192901611328,97.5912246704102,99.843391418457,100,100,100,100,100,100,100,100,100,100,..
St. Kitts and Nevis,KNA,Current health expenditure per capita (current US$),SH.XPD.CHEX.PC.CD,473.88653564,487.41549683,491.52450562,551.97991943,678.22387695,692.07739258,856.41271973,842.46270752,828.48223877,872.8114624,829.82159424,877.50299072,891.93127441,958.0848999,1059.45751953,1072.09655762,1004.72302246,1087.80102539,..,..
St. Kitts and Nevis,KNA,Current health expenditure (% of GDP),SH.XPD.CHEX.GD.ZS,4.45210552,4.75159693,4.49067402,4.72803879,4.98203421,4.79733467,5.49402666,5.47526932,5.34327459,5.27746201,5.17226887,5.26012945,4.94039154,5.31301308,5.63215637,5.59630823,5.21287775,5.39632845,..,..
St. Kitts and Nevis,KNA,"Fertility rate, total (births per woman)",SP.DYN.TFRT.IN,2.107,..,..,..,..,..,..,..,..,..,..,..,..,..,..,..,..,..,..,..
St. Kitts and Nevis,KNA,Coverage of social insurance programs (% of population),per_si_allsi.cov_pop_tot,..,..,..,..,..,..,..,..,..,..,..,..,..,..,..,..,..,..,..,..
St. Martin (French part),MAF,Access to electricity (% of population),EG.ELC.ACCS.ZS,100,100,100,100,100,99.9974060058594,99.9841156005859,99.9549026489258,100,100,100,100,100,100,100,100,100,100,100,..
St. Martin (French part),MAF,Current health expenditure per capita (current US$),SH.XPD.CHEX.PC.CD,..,..,..,..,..,..,..,..,..,..,..,..,..,..,..,..,..,..,..,..
St. Martin (French part),MAF,Current health expenditure (% of GDP),SH.XPD.CHEX.GD.ZS,..,..,..,..,..,..,..,..,..,..,..,..,..,..,..,..,..,..,..,..
St. Martin (French part),MAF,"Fertility rate, total (births per woman)",SP.DYN.TFRT.IN,1.83,1.83,1.83,1.83,1.82,1.82,1.82,1.82,1.82,1.82,1.82,1.81,1.81,1.81,1.81,1.81,1.81,1.81,1.81,..
St. Martin (French part),MAF,Coverage of social insurance programs (% of population),per_si_allsi.cov_pop_tot,..,..,..,..,..,..,..,..,..,..,..,..,..,..,..,..,..,..,..,..
Sweden,SWE,Access to electricity (% of population),EG.ELC.ACCS.ZS,100,100,100,100,100,100,100,100,100,100,100,100,100,100,100,100,100,100,100,..
Sweden,SWE,Current health expenditure per capita (current US$),SH.XPD.CHEX.PC.CD,2459.09838867,3110.19970703,3488.17285156,3547.63330078,3765.39746094,4310.32666016,4627.56396484,4136.17333984,4416.14550781,6351.21679688,6254.44238281,6696.87207031,6605.91162109,5598.68164063,5680.72558594,5837.77050781,6005.06591797,5671.38574219,..,..
Sweden,SWE,Current health expenditure (% of GDP),SH.XPD.CHEX.GD.ZS,8.21006203,8.31724644,8.12961864,8.1508379,8.05226517,7.99607706,8.20824242,8.77037907,8.31963825,10.41646767,10.73515224,10.9049139,10.9479475,10.80418396,10.85240364,10.78509998,10.94106293,10.86749268,..,..
Sweden,SWE,"Fertility rate, total (births per woman)",SP.DYN.TFRT.IN,1.65,1.71,1.75,1.77,1.85,1.88,1.91,1.94,1.98,1.9,1.91,1.89,1.88,1.85,1.85,1.78,1.76,1.71,1.66,..
Sweden,SWE,Coverage of social insurance programs (% of population),per_si_allsi.cov_pop_tot,..,..,..,..,..,..,..,..,..,..,..,..,..,..,..,..,..,..,..,..
Switzerland,CHE,Access to electricity (% of population),EG.ELC.ACCS.ZS,100,100,100,100,100,100,100,100,100,100,100,100,100,100,100,100,100,100,100,..
Switzerland,CHE,Current health expenditure per capita (current US$),SH.XPD.CHEX.PC.CD,4211.72949219,5018.52734375,5608.703125,5673.94042969,5671.98144531,6154.703125,7120.65185547,7297.37988281,7705.17578125,9191.95898438,8917.11914063,9275.79882813,9578.64550781,9382.79101563,9439.42480469,9606.34960938,9870.6640625,9666.33789063,..,..
Switzerland,CHE,Current health expenditure (% of GDP),SH.XPD.CHEX.GD.ZS,9.85215092,10.10937595,10.1849556,10.004179,9.53341675,9.36357594,9.48092747,10.06906986,9.94159698,10.0191288,10.24875641,10.46214485,10.61642265,11.00794983,11.30005455,11.48099899,11.37997055,11.29148102,..,..
Switzerland,CHE,"Fertility rate, total (births per woman)",SP.DYN.TFRT.IN,1.39,1.39,1.42,1.42,1.44,1.46,1.48,1.5,1.52,1.52,1.52,1.52,1.54,1.54,1.54,1.52,1.52,1.48,1.46,..
Switzerland,CHE,Coverage of social insurance programs (% of population),per_si_allsi.cov_pop_tot,..,..,..,..,..,..,..,..,..,..,..,..,..,..,..,..,..,..,..,..
Trinidad and Tobago,TTO,Access to electricity (% of population),EG.ELC.ACCS.ZS,97.1231460571289,97.3090209960938,97.4920196533203,97.6744766235352,100,100,100,99,100,100,100,100,100,100,100,100,100,100,100,..
Trinidad and Tobago,TTO,Current health expenditure per capita (current US$),SH.XPD.CHEX.PC.CD,338.28552246,374.00271606,449.84872437,553.06860352,593.2364502,696.38708496,784.50317383,810.79681396,861.51055908,911.38299561,934.34265137,1013.18231201,1054.44580078,1107.18554688,1110.36608887,1131.28173828,1143.17053223,1167.93310547,..,..
Trinidad and Tobago,TTO,Current health expenditure (% of GDP),SH.XPD.CHEX.GD.ZS,4.72302485,4.18767166,4.30805206,4.43451166,4.15432024,4.1536026,3.65757036,5.48676443,5.08042908,4.72197914,4.87719965,5.02981281,5.20177984,6.07862949,6.83270836,6.99457884,6.70954943,7.02007389,..,..
Trinidad and Tobago,TTO,"Fertility rate, total (births per woman)",SP.DYN.TFRT.IN,1.744,1.749,1.758,1.769,1.78,1.79,1.799,1.804,1.806,1.804,1.799,1.79,1.78,1.767,1.753,1.739,1.725,1.711,1.699,..
Trinidad and Tobago,TTO,Coverage of social insurance programs (% of population),per_si_allsi.cov_pop_tot,..,..,..,..,..,..,..,..,..,..,..,..,..,..,..,..,..,..,..,..
Turks and Caicos Islands,TCA,Access to electricity (% of population),EG.ELC.ACCS.ZS,95.1637191772461,95.4518432617188,95.7370758056641,96.0217742919922,96.308349609375,96.5994415283203,96.8977661132813,100,100,100,93.0999984741211,100,100,100,100,100,100,100,99.4000015258789,..
Turks and Caicos Islands,TCA,Current health expenditure per capita (current US$),SH.XPD.CHEX.PC.CD,..,..,..,..,..,..,..,..,..,..,..,..,..,..,..,..,..,..,..,..
Turks and Caicos Islands,TCA,Current health expenditure (% of GDP),SH.XPD.CHEX.GD.ZS,..,..,..,..,..,..,..,..,..,..,..,..,..,..,..,..,..,..,..,..
Turks and Caicos Islands,TCA,"Fertility rate, total (births per woman)",SP.DYN.TFRT.IN,..,..,..,..,..,..,..,..,..,..,..,..,..,..,..,..,..,..,..,..
Turks and Caicos Islands,TCA,Coverage of social insurance programs (% of population),per_si_allsi.cov_pop_tot,..,..,..,..,..,..,..,..,..,..,..,..,..,..,..,..,..,..,..,..
United Arab Emirates,ARE,Access to electricity (% of population),EG.ELC.ACCS.ZS,100,100,100,100,100,100,100,100,100,100,100,100,100,100,100,100,100,100,100,..
United Arab Emirates,ARE,Current health expenditure per capita (current US$),SH.XPD.CHEX.PC.CD,857.91192627,886.5012207,894.54040527,913.3560791,974.52062988,1072.70532227,1303.14074707,1296.97766113,1314.63000488,1438.47216797,1403.52490234,1523.88378906,1588.28234863,1385.53771973,1322.00427246,1650.01855469,1817.34765625,1842.69445801,..,..
United Arab Emirates,ARE,Current health expenditure (% of GDP),SH.XPD.CHEX.GD.ZS,2.71770859,2.64634395,2.46204352,2.32019687,2.3254137,2.56569624,2.92847776,4.04999352,3.87874508,3.67007303,3.42520428,3.59299517,3.63020945,3.58359432,3.46601534,4.05959463,4.14545679,4.27504921,..,..
United Arab Emirates,ARE,"Fertility rate, total (births per woman)",SP.DYN.TFRT.IN,2.432,2.337,2.247,2.161,2.081,2.006,1.939,1.877,1.819,1.763,1.708,1.651,1.595,1.541,1.491,1.448,1.413,1.387,1.369,..
United Arab Emirates,ARE,Coverage of social insurance programs (% of population),per_si_allsi.cov_pop_tot,..,..,..,..,..,..,..,..,..,..,..,..,..,..,..,..,..,..,..,..
United Kingdom,GBR,Access to electricity (% of population),EG.ELC.ACCS.ZS,100,100,100,100,100,100,100,100,100,100,100,100,100,100,100,100,100,100,100,..
United Kingdom,GBR,Current health expenditure per capita (current US$),SH.XPD.CHEX.PC.CD,2386.21240234,2796.34106445,3384.60522461,3552.64306641,3842.67578125,4450.12890625,4301.11669922,3841.87890625,3904.50708008,4156.57714844,4222.08496094,4344.66845703,4740.11035156,4477.28564453,4067.17578125,3966.05834961,4270.22119141,4312.88916016,..,..
United Kingdom,GBR,Current health expenditure (% of GDP),SH.XPD.CHEX.GD.ZS,7.94137812,8.11239147,8.39001179,8.44144344,8.60818768,8.7854166,9.06439972,9.8809166,9.83532333,9.84848499,9.91419888,9.97566223,9.95041275,9.90072441,9.87313271,9.80787468,9.90384102,10.15402699,..,..
United Kingdom,GBR,"Fertility rate, total (births per woman)",SP.DYN.TFRT.IN,1.63,1.7,1.75,1.76,1.82,1.86,1.91,1.89,1.92,1.91,1.92,1.83,1.81,1.8,1.79,1.74,1.68,1.63,1.56,..
United Kingdom,GBR,Coverage of social insurance programs (% of population),per_si_allsi.cov_pop_tot,..,..,..,..,..,..,..,..,..,..,..,..,..,..,..,..,..,..,..,..
United States,USA,Access to electricity (% of population),EG.ELC.ACCS.ZS,100,100,100,100,100,100,100,100,100,100,100,100,100,100,100,100,100,100,100,..
United States,USA,Current health expenditure per capita (current US$),SH.XPD.CHEX.PC.CD,5322.7421875,5732.22949219,6097.28759766,6454.40380859,6828.61572266,7181.89208984,7401.36914063,7657.55908203,7888.35205078,8080.21484375,8342.58007813,8522.12597656,8939.39648438,9392.06640625,9775,10103.09179688,10515.32324219,10921.01269531,..,..
United States,USA,Current health expenditure (% of GDP),SH.XPD.CHEX.GD.ZS,13.98185062,14.49863911,14.59480953,14.60504532,14.71834183,14.93882084,15.2670145,16.23350334,16.25922203,16.1985054,16.17543411,16.06451797,16.25333214,16.52407265,16.84432411,16.80583572,16.68710518,16.76706314,..,..
United States,USA,"Fertility rate, total (births per woman)",SP.DYN.TFRT.IN,2.0205,2.0475,2.0515,2.057,2.108,2.12,2.072,2.002,1.931,1.8945,1.8805,1.8575,1.8625,1.8435,1.8205,1.7655,1.7295,1.706,1.6375,..
United States,USA,Coverage of social insurance programs (% of population),per_si_allsi.cov_pop_tot,..,..,..,..,..,..,..,..,..,..,..,..,..,..,..,..,..,..,..,..
Uruguay,URY,Access to electricity (% of population),EG.ELC.ACCS.ZS,97.8863296508789,97.9820404052734,98.0748596191406,98.1671447753906,98.5054244995117,98.6926345825195,98.7843551635742,99.0999984741211,99.3000030517578,99.1699981689453,99.5999984741211,99.6118087768555,99.6570816040039,99.7094802856445,99.6999969482422,99.8000030517578,99.8000030517578,99.9000015258789,100,..
Uruguay,URY,Current health expenditure per capita (current US$),SH.XPD.CHEX.PC.CD,430.25042725,378.65307617,371.60061646,440.45199585,495.2510376,571.99188232,802.45715332,816.29486084,1030.6217041,1229.37780762,1329.65795898,1497.06884766,1476.20080566,1406.52233887,1450.14489746,1648.87463379,1686.07128906,1660.95288086,..,..
Uruguay,URY,Current health expenditure (% of GDP),SH.XPD.CHEX.GD.ZS,9.68134212,9.61753464,8.30145359,7.75686073,7.74287415,7.49349833,8.12533188,7.9498806,7.91117096,7.94895601,8.0675621,8.11896133,8.07321835,8.29223633,8.67533779,8.82179165,9.01455498,9.34783173,..,..
Uruguay,URY,"Fertility rate, total (births per woman)",SP.DYN.TFRT.IN,2.184,2.156,2.126,2.097,2.07,2.048,2.03,2.018,2.011,2.008,2.006,2.004,2.002,1.997,1.991,1.983,1.973,1.963,1.952,..
Uruguay,URY,Coverage of social insurance programs (% of population),per_si_allsi.cov_pop_tot,..,..,..,..,..,..,37.4246391267927,35.8638978293605,36.4687484502143,36.1943084191802,36.68031491,..,..,35.18822846,35.36502236,35.23260789,35.13400022,34.93919167,..,..
Virgin Islands (U.S.),VIR,Access to electricity (% of population),EG.ELC.ACCS.ZS,100,100,100,100,100,100,100,100,100,100,100,100,100,100,100,100,100,100,100,..
Virgin Islands (U.S.),VIR,Current health expenditure per capita (current US$),SH.XPD.CHEX.PC.CD,..,..,..,..,..,..,..,..,..,..,..,..,..,..,..,..,..,..,..,..
Virgin Islands (U.S.),VIR,Current health expenditure (% of GDP),SH.XPD.CHEX.GD.ZS,..,..,..,..,..,..,..,..,..,..,..,..,..,..,..,..,..,..,..,..
Virgin Islands (U.S.),VIR,"Fertility rate, total (births per woman)",SP.DYN.TFRT.IN,2.21,2.07,2.17,2.24,2.03,2.51,2.44,2.37,2.3,2.16,2.06,2.08,2.09,2.11,2.09,2.08,2.06,2.05,2.03,..
Virgin Islands (U.S.),VIR,Coverage of social insurance programs (% of population),per_si_allsi.cov_pop_tot,..,..,..,..,..,..,..,..,..,..,..,..,..,..,..,..,..,..,..,..
,,,,,,,,,,,,,,,,,,,,,,,
,,,,,,,,,,,,,,,,,,,,,,,
,,,,,,,,,,,,,,,,,,,,,,,
Data from database: World Development Indicators,,,,,,,,,,,,,,,,,,,,,,,
Last Updated: 06/30/2022,,,,,,,,,,,,,,,,,,,,,,,
